Cardboard,Drywall,Paper,Laptop,Concrete,Sun,Tree,Lime Scooter,Veneer,Phone Screen
1.44V,1.49V,1.57V,0.86V,1.99V,2.63V,1.83V,1.93V,1.80V,2.30V
1.44V,1.49V,1.57V,0.87V,1.99V,2.63V,1.83V,1.93V,1.80V,2.30V
1.44V,1.49V,1.57V,0.87V,1.99V,2.63V,1.84V,1.93V,1.80V,2.30V
1.44V,1.49V,1.57V,0.87V,1.99V,2.63V,1.84V,1.93V,1.80V,2.30V
1.44V,1.49V,1.57V,0.87V,1.99V,2.63V,1.84V,1.93V,1.80V,2.30V
1.44V,1.49V,1.57V,0.87V,1.99V,2.63V,1.84V,1.93V,1.81V,2.30V
1.44V,1.49V,1.57V,0.87V,1.99V,2.63V,1.84V,1.93V,1.81V,2.30V
1.44V,1.49V,1.57V,0.87V,1.99V,2.63V,1.84V,1.93V,1.81V,2.30V
1.44V,1.49V,1.57V,0.87V,1.99V,2.63V,1.84V,1.93V,1.81V,2.30V
1.44V,1.49V,1.57V,0.87V,1.99V,2.63V,1.84V,1.93V,1.81V,2.31V
1.44V,1.49V,1.57V,0.87V,1.99V,2.63V,1.84V,1.93V,1.81V,2.31V
1.44V,1.50V,1.57V,0.87V,1.99V,2.63V,1.84V,1.94V,1.81V,2.31V
1.44V,1.50V,1.57V,0.87V,1.99V,2.63V,1.88V,1.94V,1.81V,2.31V
1.44V,1.50V,1.57V,0.87V,1.99V,2.63V,1.88V,1.94V,1.81V,2.31V
1.44V,1.50V,1.57V,0.87V,1.99V,2.63V,1.88V,1.94V,1.81V,2.31V
1.44V,1.50V,1.57V,0.87V,1.99V,2.63V,1.88V,1.94V,1.81V,2.31V
1.44V,1.50V,1.57V,0.87V,1.99V,2.63V,1.88V,1.94V,1.81V,2.31V
1.44V,1.50V,1.57V,0.87V,1.99V,2.63V,1.88V,1.94V,1.81V,2.31V
1.44V,1.50V,1.57V,0.87V,1.99V,2.63V,1.88V,1.94V,1.81V,2.31V
1.44V,1.50V,1.57V,0.87V,1.99V,2.63V,1.88V,1.94V,1.81V,2.31V
1.44V,1.50V,1.57V,0.87V,1.99V,2.63V,1.88V,1.94V,1.81V,2.31V
1.44V,1.50V,1.57V,0.87V,1.99V,2.63V,1.88V,1.94V,1.81V,2.31V
1.44V,1.50V,1.57V,0.87V,1.99V,2.63V,1.88V,1.94V,1.81V,2.31V
1.44V,1.50V,1.57V,0.87V,1.99V,2.63V,1.88V,1.94V,1.81V,2.31V
1.44V,1.50V,1.57V,0.87V,1.99V,2.63V,1.88V,1.94V,1.81V,2.31V
1.44V,1.50V,1.57V,0.87V,1.99V,2.63V,1.88V,1.94V,1.81V,2.31V
1.44V,1.50V,1.57V,0.87V,1.99V,2.63V,1.88V,1.94V,1.81V,2.31V
1.44V,1.50V,1.57V,0.87V,1.99V,2.63V,1.88V,1.94V,1.81V,2.31V
1.44V,1.50V,1.57V,0.87V,1.99V,2.63V,1.88V,1.94V,1.81V,2.31V
1.44V,1.50V,1.57V,0.87V,1.99V,2.63V,1.88V,1.94V,1.81V,2.31V
1.44V,1.50V,1.57V,0.87V,1.99V,2.63V,1.88V,1.94V,1.81V,2.31V
1.44V,1.50V,1.57V,0.87V,1.99V,2.63V,1.88V,1.94V,1.81V,2.31V
1.44V,1.50V,1.57V,0.87V,1.99V,2.63V,1.88V,1.94V,1.81V,2.31V
1.44V,1.50V,1.57V,0.87V,1.99V,2.63V,1.88V,1.94V,1.81V,2.31V
1.44V,1.50V,1.57V,0.87V,1.99V,2.63V,1.88V,1.94V,1.81V,2.31V
1.44V,1.50V,1.57V,0.87V,1.99V,2.63V,1.88V,1.94V,1.81V,2.31V
1.44V,1.50V,1.57V,0.87V,1.99V,2.63V,1.88V,1.94V,1.81V,2.31V
1.44V,1.50V,1.57V,0.87V,1.99V,2.63V,1.88V,1.94V,1.81V,2.31V
1.44V,1.50V,1.57V,0.87V,1.99V,2.63V,1.88V,1.94V,1.81V,2.31V
1.44V,1.50V,1.57V,0.87V,1.99V,2.63V,1.88V,1.94V,1.81V,2.31V
1.44V,1.50V,1.57V,0.87V,1.99V,2.63V,1.88V,1.94V,1.81V,2.31V
1.44V,1.50V,1.57V,0.87V,1.99V,2.63V,1.88V,1.94V,1.81V,2.31V
1.44V,1.50V,1.57V,0.87V,1.99V,2.63V,1.88V,1.94V,1.81V,2.31V
1.44V,1.50V,1.57V,0.87V,1.99V,2.63V,1.88V,1.94V,1.81V,2.31V
1.44V,1.50V,1.57V,0.87V,1.99V,2.63V,1.88V,1.94V,1.82V,2.31V
1.44V,1.50V,1.57V,0.87V,1.99V,2.63V,1.88V,1.94V,1.82V,2.32V
1.44V,1.50V,1.57V,0.87V,1.99V,2.63V,1.88V,1.94V,1.82V,2.32V
1.44V,1.50V,1.57V,0.87V,1.99V,2.63V,1.88V,1.94V,1.82V,2.32V
1.44V,1.50V,1.57V,0.87V,1.99V,2.63V,1.88V,1.94V,1.82V,2.32V
1.44V,1.50V,1.57V,0.87V,1.99V,2.63V,1.88V,1.94V,1.82V,2.32V
1.44V,1.50V,1.57V,0.87V,1.99V,2.63V,1.88V,1.94V,1.82V,2.32V
1.44V,1.50V,1.57V,0.87V,1.99V,2.64V,1.88V,1.94V,1.82V,2.32V
1.44V,1.50V,1.57V,0.87V,1.99V,2.64V,1.88V,1.94V,1.82V,2.32V
1.44V,1.50V,1.57V,0.87V,1.99V,2.64V,1.88V,1.94V,1.82V,2.32V
1.44V,1.50V,1.57V,0.87V,1.99V,2.64V,1.88V,1.94V,1.82V,2.32V
1.44V,1.50V,1.57V,0.87V,1.99V,2.64V,1.88V,1.94V,1.82V,2.32V
1.44V,1.50V,1.57V,0.87V,1.99V,2.64V,1.89V,1.94V,1.82V,2.32V
1.44V,1.50V,1.57V,0.87V,1.99V,2.64V,1.89V,1.94V,1.82V,2.32V
1.44V,1.50V,1.57V,0.87V,1.99V,2.64V,1.89V,1.94V,1.82V,2.32V
1.44V,1.50V,1.57V,0.87V,1.99V,2.64V,1.89V,1.94V,1.82V,2.32V
1.44V,1.50V,1.57V,0.87V,1.99V,2.64V,1.89V,1.94V,1.82V,2.32V
1.44V,1.50V,1.57V,0.87V,1.99V,2.64V,1.89V,1.94V,1.82V,2.32V
1.44V,1.50V,1.57V,0.87V,1.99V,2.64V,1.89V,1.94V,1.82V,2.32V
1.44V,1.50V,1.57V,0.87V,1.99V,2.64V,1.89V,1.94V,1.82V,2.32V
1.44V,1.50V,1.57V,0.87V,1.99V,2.64V,1.89V,1.94V,1.82V,2.32V
1.45V,1.50V,1.57V,0.87V,1.99V,2.64V,1.89V,1.94V,1.82V,2.32V
1.45V,1.50V,1.57V,0.87V,1.99V,2.64V,1.89V,1.94V,1.82V,2.32V
1.45V,1.50V,1.57V,0.87V,1.99V,2.64V,1.89V,1.94V,1.82V,2.32V
1.45V,1.50V,1.57V,0.87V,1.99V,2.64V,1.89V,1.94V,1.82V,2.32V
1.45V,1.50V,1.57V,0.87V,1.99V,2.64V,1.89V,1.94V,1.82V,2.32V
1.45V,1.50V,1.57V,0.87V,1.99V,2.64V,1.89V,1.94V,1.82V,2.32V
1.45V,1.50V,1.57V,0.87V,1.99V,2.64V,1.89V,1.94V,1.82V,2.32V
1.45V,1.50V,1.57V,0.87V,1.99V,2.64V,1.89V,1.94V,1.82V,2.32V
1.45V,1.50V,1.57V,0.87V,1.99V,2.64V,1.89V,1.94V,1.82V,2.33V
1.45V,1.50V,1.57V,0.87V,1.99V,2.64V,1.89V,1.94V,1.82V,2.33V
1.45V,1.50V,1.57V,0.87V,1.99V,2.64V,1.89V,1.94V,1.82V,2.33V
1.45V,1.50V,1.57V,0.87V,1.99V,2.64V,1.89V,1.94V,1.82V,2.33V
1.45V,1.50V,1.57V,0.87V,1.99V,2.64V,1.89V,1.94V,1.82V,2.33V
1.45V,1.50V,1.57V,0.87V,1.99V,2.64V,1.89V,1.94V,1.82V,2.33V
1.45V,1.50V,1.57V,0.87V,1.99V,2.64V,1.89V,1.94V,1.82V,2.33V
1.45V,1.50V,1.57V,0.87V,1.99V,2.64V,1.89V,1.94V,1.82V,2.33V
1.45V,1.50V,1.57V,0.87V,1.99V,2.64V,1.89V,1.94V,1.82V,2.33V
1.45V,1.50V,1.57V,0.87V,1.99V,2.64V,1.89V,1.94V,1.82V,2.33V
1.45V,1.50V,1.57V,0.87V,1.99V,2.64V,1.89V,1.94V,1.82V,2.33V
1.45V,1.50V,1.57V,0.87V,1.99V,2.64V,1.89V,1.94V,1.82V,2.33V
1.45V,1.50V,1.57V,0.87V,1.99V,2.64V,1.89V,1.94V,1.82V,2.33V
1.45V,1.50V,1.57V,0.87V,1.99V,2.64V,1.89V,1.94V,1.82V,2.33V
1.45V,1.50V,1.57V,0.87V,1.99V,2.64V,1.89V,1.94V,1.82V,2.33V
1.45V,1.50V,1.57V,0.87V,1.99V,2.64V,1.89V,1.94V,1.82V,2.33V
1.45V,1.50V,1.57V,0.87V,1.99V,2.64V,1.89V,1.94V,1.82V,2.33V
1.45V,1.50V,1.57V,0.87V,1.99V,2.64V,1.89V,1.94V,1.82V,2.33V
1.45V,1.50V,1.57V,0.87V,1.99V,2.64V,1.89V,1.94V,1.82V,2.33V
1.45V,1.50V,1.57V,0.87V,1.99V,2.64V,1.89V,1.94V,1.82V,2.33V
1.45V,1.50V,1.57V,0.87V,1.99V,2.64V,1.89V,1.94V,1.82V,2.33V
1.45V,1.50V,1.57V,0.87V,1.99V,2.64V,1.89V,1.94V,1.82V,2.33V
1.45V,1.50V,1.57V,0.87V,1.99V,2.64V,1.89V,1.94V,1.82V,2.33V
1.45V,1.50V,1.57V,0.87V,1.99V,2.64V,1.89V,1.94V,1.82V,2.33V
1.45V,1.50V,1.57V,0.87V,1.99V,2.64V,1.89V,1.94V,1.82V,2.33V
1.45V,1.50V,1.57V,0.87V,1.99V,2.64V,1.89V,1.95V,1.82V,2.33V
1.45V,1.50V,1.57V,0.87V,1.99V,2.64V,1.89V,1.95V,1.82V,2.33V
1.45V,1.50V,1.57V,0.87V,1.99V,2.64V,1.89V,1.95V,1.82V,2.33V
1.45V,1.50V,1.57V,0.87V,1.99V,2.64V,1.89V,1.95V,1.82V,2.33V
1.45V,1.50V,1.57V,0.87V,1.99V,2.64V,1.89V,1.95V,1.82V,2.33V
1.45V,1.50V,1.57V,0.87V,1.99V,2.64V,1.89V,1.95V,1.82V,2.33V
1.45V,1.50V,1.57V,0.87V,1.99V,2.64V,1.89V,1.95V,1.82V,2.33V
1.45V,1.50V,1.57V,0.87V,1.99V,2.64V,1.89V,1.95V,1.82V,2.33V
1.45V,1.50V,1.57V,0.87V,1.99V,2.64V,1.89V,1.95V,1.82V,2.33V
1.45V,1.50V,1.57V,0.87V,1.99V,2.64V,1.89V,1.95V,1.82V,2.33V
1.45V,1.50V,1.57V,0.87V,1.99V,2.64V,1.90V,1.95V,1.82V,2.33V
1.45V,1.50V,1.57V,0.87V,1.99V,2.64V,1.90V,1.95V,1.82V,2.33V
1.45V,1.51V,1.57V,0.87V,1.99V,2.64V,1.90V,1.95V,1.82V,2.33V
1.45V,1.51V,1.57V,0.87V,1.99V,2.64V,1.90V,1.95V,1.82V,2.33V
1.45V,1.51V,1.57V,0.87V,1.99V,2.64V,1.90V,1.95V,1.82V,2.33V
1.45V,1.51V,1.57V,0.87V,1.99V,2.64V,1.90V,1.95V,1.82V,2.33V
1.45V,1.51V,1.57V,0.87V,1.99V,2.64V,1.90V,1.95V,1.82V,2.33V
1.45V,1.51V,1.57V,0.87V,1.99V,2.64V,1.90V,1.95V,1.82V,2.33V
1.45V,1.51V,1.57V,0.87V,1.99V,2.64V,1.90V,1.95V,1.82V,2.33V
1.45V,1.51V,1.57V,0.87V,1.99V,2.64V,1.90V,1.95V,1.82V,2.33V
1.45V,1.51V,1.57V,0.87V,1.99V,2.64V,1.90V,1.95V,1.82V,2.33V
1.45V,1.51V,1.57V,0.87V,1.99V,2.64V,1.90V,1.95V,1.82V,2.33V
1.45V,1.51V,1.57V,0.87V,1.99V,2.64V,1.90V,1.95V,1.82V,2.33V
1.45V,1.51V,1.58V,0.87V,1.99V,2.64V,1.90V,1.95V,1.82V,2.33V
1.45V,1.51V,1.58V,0.87V,1.99V,2.64V,1.90V,1.95V,1.82V,2.33V
1.45V,1.51V,1.58V,0.87V,1.99V,2.64V,1.90V,1.95V,1.82V,2.33V
1.45V,1.51V,1.58V,0.87V,1.99V,2.64V,1.90V,1.95V,1.82V,2.33V
1.45V,1.51V,1.58V,0.87V,1.99V,2.64V,1.90V,1.95V,1.82V,2.33V
1.45V,1.51V,1.58V,0.87V,1.99V,2.64V,1.90V,1.95V,1.82V,2.33V
1.45V,1.51V,1.58V,0.87V,1.99V,2.64V,1.90V,1.95V,1.82V,2.33V
1.45V,1.51V,1.58V,0.87V,1.99V,2.64V,1.90V,1.95V,1.82V,2.33V
1.45V,1.51V,1.58V,0.87V,1.99V,2.64V,1.90V,1.95V,1.82V,2.33V
1.45V,1.51V,1.58V,0.87V,1.99V,2.64V,1.90V,1.95V,1.82V,2.33V
1.45V,1.51V,1.58V,0.87V,1.99V,2.64V,1.90V,1.95V,1.82V,2.33V
1.45V,1.51V,1.58V,0.87V,1.99V,2.64V,1.90V,1.95V,1.82V,2.33V
1.45V,1.51V,1.58V,0.87V,1.99V,2.64V,1.90V,1.95V,1.82V,2.33V
1.45V,1.51V,1.58V,0.87V,1.99V,2.64V,1.90V,1.95V,1.82V,2.33V
1.45V,1.51V,1.58V,0.87V,1.99V,2.64V,1.90V,1.95V,1.82V,2.33V
1.45V,1.51V,1.58V,0.87V,1.99V,2.64V,1.90V,1.95V,1.82V,2.33V
1.45V,1.51V,1.58V,0.87V,1.99V,2.64V,1.90V,1.95V,1.82V,2.33V
1.45V,1.51V,1.58V,0.87V,1.99V,2.65V,1.90V,1.95V,1.82V,2.33V
1.45V,1.51V,1.58V,0.87V,1.99V,2.65V,1.90V,1.95V,1.82V,2.33V
1.45V,1.51V,1.58V,0.87V,1.99V,2.65V,1.90V,1.95V,1.82V,2.33V
1.45V,1.51V,1.58V,0.87V,1.99V,2.65V,1.90V,1.95V,1.82V,2.33V
1.45V,1.51V,1.58V,0.87V,1.99V,2.65V,1.90V,1.95V,1.82V,2.33V
1.45V,1.51V,1.58V,0.87V,1.99V,2.65V,1.90V,1.95V,1.82V,2.33V
1.45V,1.51V,1.58V,0.87V,1.99V,2.65V,1.90V,1.95V,1.82V,2.33V
1.45V,1.51V,1.58V,0.87V,1.99V,2.65V,1.90V,1.95V,1.82V,2.33V
1.45V,1.51V,1.58V,0.87V,1.99V,2.65V,1.90V,1.96V,1.82V,2.33V
1.45V,1.51V,1.58V,0.87V,1.99V,2.65V,1.90V,1.96V,1.82V,2.33V
1.45V,1.51V,1.58V,0.87V,1.99V,2.65V,1.90V,1.96V,1.82V,2.33V
1.45V,1.51V,1.58V,0.87V,1.99V,2.65V,1.90V,1.96V,1.82V,2.33V
1.45V,1.51V,1.58V,0.87V,1.99V,2.65V,1.90V,1.96V,1.82V,2.33V
1.45V,1.51V,1.58V,0.87V,1.99V,2.65V,1.90V,1.96V,1.82V,2.33V
1.45V,1.51V,1.58V,0.87V,1.99V,2.65V,1.90V,1.96V,1.82V,2.33V
1.45V,1.51V,1.58V,0.87V,1.99V,2.65V,1.90V,1.96V,1.82V,2.33V
1.45V,1.51V,1.58V,0.87V,1.99V,2.65V,1.90V,1.96V,1.82V,2.33V
1.45V,1.51V,1.58V,0.87V,1.99V,2.65V,1.90V,1.96V,1.82V,2.33V
1.45V,1.51V,1.58V,0.87V,1.99V,2.65V,1.90V,1.96V,1.82V,2.33V
1.45V,1.51V,1.58V,0.87V,1.99V,2.65V,1.90V,1.96V,1.82V,2.33V
1.45V,1.51V,1.58V,0.87V,1.99V,2.65V,1.90V,1.96V,1.82V,2.33V
1.46V,1.51V,1.58V,0.87V,1.99V,2.65V,1.90V,1.96V,1.82V,2.33V
1.46V,1.51V,1.58V,0.87V,1.99V,2.65V,1.90V,1.96V,1.82V,2.33V
1.46V,1.51V,1.58V,0.87V,1.99V,2.65V,1.90V,1.96V,1.82V,2.33V
1.46V,1.51V,1.58V,0.87V,1.99V,2.65V,1.90V,1.96V,1.82V,2.33V
1.46V,1.51V,1.58V,0.87V,1.99V,2.65V,1.90V,1.96V,1.82V,2.33V
1.46V,1.51V,1.58V,0.87V,1.99V,2.65V,1.90V,1.96V,1.82V,2.33V
1.46V,1.51V,1.58V,0.87V,1.99V,2.65V,1.90V,1.96V,1.82V,2.33V
1.46V,1.51V,1.58V,0.87V,1.99V,2.65V,1.90V,1.96V,1.82V,2.33V
1.46V,1.51V,1.58V,0.87V,1.99V,2.65V,1.90V,1.96V,1.82V,2.33V
1.46V,1.51V,1.58V,0.87V,1.99V,2.65V,1.90V,1.96V,1.82V,2.33V
1.46V,1.51V,1.58V,0.87V,1.99V,2.65V,1.90V,1.96V,1.82V,2.33V
1.46V,1.51V,1.58V,0.87V,1.99V,2.65V,1.90V,1.96V,1.82V,2.33V
1.46V,1.51V,1.58V,0.87V,1.99V,2.65V,1.90V,1.96V,1.82V,2.33V
1.46V,1.51V,1.58V,0.87V,1.99V,2.65V,1.90V,1.96V,1.82V,2.33V
1.46V,1.51V,1.58V,0.87V,1.99V,2.65V,1.90V,1.96V,1.82V,2.33V
1.46V,1.51V,1.58V,0.87V,1.99V,2.65V,1.90V,1.96V,1.82V,2.33V
1.46V,1.51V,1.58V,0.87V,1.99V,2.65V,1.91V,1.96V,1.82V,2.33V
1.46V,1.51V,1.58V,0.87V,1.99V,2.65V,1.91V,1.96V,1.82V,2.33V
1.46V,1.51V,1.58V,0.87V,1.99V,2.65V,1.91V,1.96V,1.82V,2.33V
1.46V,1.51V,1.58V,0.87V,1.99V,2.65V,1.91V,1.96V,1.82V,2.33V
1.46V,1.51V,1.58V,0.87V,1.99V,2.65V,1.91V,1.96V,1.82V,2.33V
1.46V,1.51V,1.58V,0.87V,1.99V,2.65V,1.91V,1.96V,1.82V,2.33V
1.46V,1.51V,1.58V,0.87V,1.99V,2.65V,1.91V,1.96V,1.82V,2.33V
1.46V,1.51V,1.58V,0.87V,1.99V,2.65V,1.91V,1.96V,1.82V,2.33V
1.46V,1.51V,1.58V,0.87V,1.99V,2.65V,1.91V,1.96V,1.82V,2.33V
1.46V,1.51V,1.58V,0.87V,1.99V,2.65V,1.91V,1.96V,1.82V,2.33V
1.46V,1.51V,1.58V,0.87V,1.99V,2.65V,1.91V,1.96V,1.82V,2.33V
1.46V,1.51V,1.58V,0.87V,1.99V,2.65V,1.91V,1.96V,1.82V,2.33V
1.46V,1.51V,1.58V,0.87V,1.99V,2.65V,1.91V,1.96V,1.82V,2.33V
1.46V,1.51V,1.58V,0.87V,1.99V,2.65V,1.91V,1.96V,1.82V,2.33V
1.46V,1.51V,1.58V,0.87V,1.99V,2.65V,1.91V,1.96V,1.82V,2.33V
1.46V,1.51V,1.58V,0.87V,1.99V,2.65V,1.91V,1.96V,1.82V,2.33V
1.46V,1.51V,1.58V,0.87V,1.99V,2.65V,1.91V,1.96V,1.82V,2.33V
1.46V,1.51V,1.58V,0.87V,1.99V,2.65V,1.91V,1.96V,1.82V,2.33V
1.46V,1.51V,1.58V,0.87V,1.99V,2.65V,1.91V,1.96V,1.82V,2.33V
1.46V,1.51V,1.58V,0.87V,1.99V,2.65V,1.91V,1.96V,1.82V,2.33V
1.46V,1.51V,1.58V,0.87V,1.99V,2.65V,1.91V,1.96V,1.82V,2.33V
1.46V,1.51V,1.58V,0.87V,1.99V,2.65V,1.91V,1.96V,1.82V,2.33V
1.46V,1.51V,1.58V,0.87V,1.99V,2.65V,1.91V,1.96V,1.82V,2.33V
1.46V,1.51V,1.58V,0.87V,1.99V,2.65V,1.91V,1.96V,1.82V,2.33V
1.46V,1.51V,1.58V,0.87V,1.99V,2.65V,1.91V,1.96V,1.82V,2.33V
1.46V,1.51V,1.58V,0.87V,1.99V,2.65V,1.91V,1.96V,1.82V,2.33V
1.46V,1.51V,1.58V,0.87V,1.99V,2.65V,1.91V,1.96V,1.82V,2.33V
1.46V,1.51V,1.58V,0.87V,1.99V,2.65V,1.91V,1.96V,1.82V,2.33V
1.46V,1.51V,1.58V,0.88V,1.99V,2.65V,1.91V,1.96V,1.82V,2.33V
1.46V,1.51V,1.58V,0.88V,1.99V,2.65V,1.91V,1.96V,1.82V,2.33V
1.46V,1.51V,1.58V,0.88V,1.99V,2.65V,1.91V,1.96V,1.82V,2.33V
1.46V,1.51V,1.58V,0.88V,1.99V,2.65V,1.91V,1.96V,1.82V,2.33V
1.46V,1.51V,1.58V,0.88V,1.99V,2.65V,1.91V,1.96V,1.82V,2.33V
1.46V,1.51V,1.58V,0.88V,1.99V,2.65V,1.91V,1.96V,1.82V,2.33V
1.46V,1.51V,1.58V,0.88V,1.99V,2.65V,1.91V,1.96V,1.82V,2.33V
1.46V,1.51V,1.58V,0.88V,1.99V,2.65V,1.91V,1.96V,1.82V,2.33V
1.46V,1.51V,1.58V,0.88V,1.99V,2.65V,1.91V,1.96V,1.82V,2.33V
1.46V,1.51V,1.58V,0.88V,1.99V,2.65V,1.91V,1.96V,1.82V,2.33V
1.46V,1.51V,1.58V,0.88V,1.99V,2.65V,1.91V,1.96V,1.82V,2.33V
1.46V,1.51V,1.58V,0.88V,1.99V,2.65V,1.91V,1.96V,1.82V,2.33V
1.46V,1.51V,1.58V,0.88V,1.99V,2.65V,1.91V,1.96V,1.82V,2.33V
1.46V,1.51V,1.58V,0.88V,1.99V,2.65V,1.91V,1.96V,1.82V,2.33V
1.46V,1.51V,1.58V,0.88V,1.99V,2.65V,1.91V,1.96V,1.82V,2.33V
1.46V,1.51V,1.58V,0.88V,1.99V,2.65V,1.91V,1.96V,1.82V,2.33V
1.46V,1.51V,1.58V,0.88V,1.99V,2.65V,1.91V,1.96V,1.82V,2.33V
1.46V,1.51V,1.58V,0.88V,1.99V,2.65V,1.91V,1.96V,1.82V,2.33V
1.46V,1.51V,1.58V,0.88V,1.99V,2.65V,1.91V,1.96V,1.82V,2.33V
1.46V,1.51V,1.58V,0.88V,1.99V,2.65V,1.91V,1.96V,1.82V,2.33V
1.46V,1.51V,1.58V,0.88V,1.99V,2.65V,1.91V,1.96V,1.82V,2.33V
1.46V,1.51V,1.58V,0.88V,1.99V,2.65V,1.91V,1.96V,1.82V,2.33V
1.46V,1.51V,1.58V,0.88V,1.99V,2.65V,1.91V,1.96V,1.82V,2.33V
1.46V,1.51V,1.58V,0.88V,1.99V,2.65V,1.91V,1.96V,1.82V,2.33V
1.46V,1.51V,1.58V,0.88V,1.99V,2.65V,1.91V,1.96V,1.82V,2.33V
1.46V,1.51V,1.58V,0.88V,1.99V,2.65V,1.91V,1.96V,1.82V,2.33V
1.46V,1.51V,1.58V,0.88V,1.99V,2.65V,1.91V,1.96V,1.82V,2.33V
1.46V,1.51V,1.58V,0.88V,1.99V,2.65V,1.91V,1.96V,1.82V,2.33V
1.46V,1.51V,1.58V,0.88V,1.99V,2.65V,1.91V,1.96V,1.82V,2.33V
1.46V,1.51V,1.58V,0.88V,1.99V,2.65V,1.91V,1.96V,1.82V,2.33V
1.46V,1.51V,1.58V,0.88V,1.99V,2.65V,1.91V,1.96V,1.82V,2.33V
1.46V,1.51V,1.58V,0.88V,1.99V,2.65V,1.91V,1.96V,1.82V,2.33V
1.46V,1.51V,1.58V,0.88V,1.99V,2.65V,1.91V,1.96V,1.82V,2.33V
1.46V,1.51V,1.58V,0.88V,1.99V,2.65V,1.91V,1.96V,1.82V,2.33V
1.46V,1.51V,1.58V,0.88V,1.99V,2.65V,1.91V,1.96V,1.82V,2.33V
1.46V,1.51V,1.58V,0.88V,1.99V,2.65V,1.91V,1.96V,1.82V,2.33V
1.46V,1.51V,1.58V,0.88V,1.99V,2.65V,1.91V,1.96V,1.82V,2.33V
1.46V,1.51V,1.58V,0.88V,1.99V,2.65V,1.91V,1.96V,1.82V,2.33V
1.46V,1.51V,1.58V,0.88V,1.99V,2.65V,1.91V,1.96V,1.82V,2.33V
1.46V,1.51V,1.58V,0.88V,1.99V,2.65V,1.91V,1.96V,1.82V,2.33V
1.46V,1.51V,1.58V,0.88V,1.99V,2.65V,1.91V,1.96V,1.82V,2.33V
1.46V,1.51V,1.58V,0.88V,1.99V,2.65V,1.92V,1.96V,1.82V,2.33V
1.46V,1.51V,1.58V,0.88V,1.99V,2.65V,1.92V,1.96V,1.82V,2.33V
1.46V,1.51V,1.58V,0.88V,1.99V,2.65V,1.92V,1.96V,1.82V,2.33V
1.46V,1.51V,1.58V,0.88V,1.99V,2.65V,1.92V,1.96V,1.82V,2.33V
1.46V,1.51V,1.58V,0.88V,1.99V,2.65V,1.92V,1.96V,1.82V,2.33V
1.46V,1.51V,1.58V,0.88V,1.99V,2.65V,1.92V,1.96V,1.82V,2.33V
1.46V,1.51V,1.58V,0.88V,1.99V,2.65V,1.92V,1.96V,1.82V,2.33V
1.46V,1.51V,1.58V,0.88V,1.99V,2.65V,1.92V,1.96V,1.82V,2.33V
1.46V,1.51V,1.58V,0.88V,1.99V,2.65V,1.92V,1.96V,1.82V,2.33V
1.46V,1.51V,1.58V,0.88V,1.99V,2.65V,1.92V,1.96V,1.82V,2.33V
1.46V,1.51V,1.58V,0.88V,1.99V,2.65V,1.92V,1.96V,1.82V,2.33V
1.46V,1.51V,1.58V,0.88V,1.99V,2.66V,1.92V,1.96V,1.82V,2.33V
1.46V,1.51V,1.58V,0.88V,1.99V,2.66V,1.92V,1.96V,1.82V,2.33V
1.46V,1.51V,1.58V,0.88V,1.99V,2.66V,1.92V,1.96V,1.82V,2.33V
1.46V,1.51V,1.58V,0.88V,1.99V,2.66V,1.92V,1.96V,1.82V,2.33V
1.46V,1.51V,1.58V,0.88V,1.99V,2.66V,1.92V,1.96V,1.82V,2.33V
1.46V,1.51V,1.58V,0.88V,1.99V,2.66V,1.92V,1.96V,1.82V,2.33V
1.46V,1.51V,1.58V,0.88V,1.99V,2.66V,1.92V,1.96V,1.82V,2.33V
1.46V,1.51V,1.58V,0.88V,1.99V,2.66V,1.92V,1.96V,1.82V,2.33V
1.46V,1.51V,1.58V,0.88V,1.99V,2.66V,1.92V,1.96V,1.82V,2.33V
1.46V,1.51V,1.58V,0.88V,1.99V,2.66V,1.92V,1.96V,1.82V,2.33V
1.46V,1.52V,1.58V,0.88V,1.99V,2.66V,1.92V,1.96V,1.82V,2.33V
1.46V,1.52V,1.58V,0.88V,1.99V,2.66V,1.92V,1.96V,1.82V,2.33V
1.46V,1.52V,1.58V,0.88V,1.99V,2.66V,1.92V,1.96V,1.82V,2.33V
1.46V,1.52V,1.58V,0.88V,1.99V,2.66V,1.92V,1.96V,1.82V,2.33V
1.46V,1.52V,1.58V,0.88V,1.99V,2.66V,1.92V,1.96V,1.82V,2.33V
1.46V,1.52V,1.58V,0.88V,1.99V,2.66V,1.92V,1.96V,1.82V,2.33V
1.46V,1.52V,1.58V,0.88V,1.99V,2.66V,1.92V,1.96V,1.82V,2.33V
1.46V,1.52V,1.58V,0.88V,1.99V,2.66V,1.92V,1.96V,1.82V,2.33V
1.46V,1.52V,1.58V,0.88V,1.99V,2.66V,1.92V,1.96V,1.82V,2.33V
1.46V,1.52V,1.58V,0.88V,1.99V,2.66V,1.92V,1.96V,1.82V,2.33V
1.46V,1.52V,1.58V,0.88V,1.99V,2.66V,1.92V,1.96V,1.82V,2.33V
1.46V,1.52V,1.58V,0.88V,1.99V,2.66V,1.92V,1.96V,1.82V,2.33V
1.46V,1.52V,1.58V,0.88V,1.99V,2.66V,1.92V,1.96V,1.82V,2.33V
1.46V,1.52V,1.58V,0.88V,1.99V,2.66V,1.92V,1.96V,1.82V,2.33V
1.46V,1.52V,1.58V,0.88V,1.99V,2.66V,1.92V,1.96V,1.82V,2.33V
1.46V,1.52V,1.58V,0.88V,1.99V,2.66V,1.92V,1.96V,1.82V,2.33V
1.46V,1.52V,1.58V,0.88V,1.99V,2.66V,1.92V,1.96V,1.82V,2.33V
1.46V,1.52V,1.58V,0.88V,1.99V,2.66V,1.92V,1.96V,1.82V,2.33V
1.46V,1.52V,1.58V,0.88V,1.99V,2.66V,1.92V,1.96V,1.82V,2.33V
1.46V,1.52V,1.58V,0.88V,1.99V,2.66V,1.92V,1.96V,1.82V,2.33V
1.46V,1.52V,1.58V,0.88V,1.99V,2.66V,1.92V,1.96V,1.82V,2.33V
1.46V,1.52V,1.58V,0.88V,1.99V,2.66V,1.92V,1.96V,1.82V,2.33V
1.46V,1.52V,1.58V,0.88V,1.99V,2.66V,1.92V,1.96V,1.82V,2.33V
1.46V,1.52V,1.58V,0.88V,1.99V,2.66V,1.92V,1.96V,1.82V,2.33V
1.46V,1.52V,1.58V,0.88V,1.99V,2.66V,1.92V,1.96V,1.82V,2.33V
1.46V,1.52V,1.58V,0.88V,1.99V,2.66V,1.92V,1.96V,1.82V,2.33V
1.46V,1.52V,1.58V,0.88V,1.99V,2.66V,1.92V,1.96V,1.82V,2.33V
1.46V,1.52V,1.58V,0.88V,1.99V,2.66V,1.93V,1.96V,1.82V,2.33V
1.46V,1.52V,1.58V,0.88V,1.99V,2.66V,1.93V,1.96V,1.82V,2.33V
1.46V,1.52V,1.58V,0.88V,1.99V,2.66V,1.93V,1.96V,1.82V,2.33V
1.46V,1.52V,1.58V,0.88V,1.99V,2.66V,1.93V,1.96V,1.82V,2.33V
1.46V,1.52V,1.58V,0.88V,1.99V,2.66V,1.93V,1.96V,1.82V,2.33V
1.46V,1.52V,1.58V,0.88V,1.99V,2.66V,1.93V,1.96V,1.82V,2.33V
1.46V,1.52V,1.58V,0.88V,1.99V,2.66V,1.93V,1.96V,1.82V,2.33V
1.46V,1.52V,1.58V,0.88V,1.99V,2.66V,1.93V,1.96V,1.82V,2.33V
1.46V,1.52V,1.58V,0.88V,1.99V,2.66V,1.93V,1.96V,1.82V,2.33V
1.46V,1.52V,1.58V,0.88V,1.99V,2.66V,1.93V,1.96V,1.82V,2.33V
1.46V,1.52V,1.58V,0.88V,1.99V,2.66V,1.93V,1.96V,1.82V,2.33V
1.46V,1.52V,1.58V,0.88V,1.99V,2.66V,1.93V,1.96V,1.82V,2.33V
1.46V,1.52V,1.58V,0.88V,1.99V,2.66V,1.93V,1.96V,1.82V,2.33V
1.46V,1.52V,1.58V,0.88V,1.99V,2.66V,1.93V,1.96V,1.82V,2.33V
1.46V,1.52V,1.58V,0.88V,1.99V,2.66V,1.93V,1.97V,1.82V,2.33V
1.46V,1.52V,1.58V,0.88V,1.99V,2.66V,1.93V,1.97V,1.82V,2.33V
1.46V,1.52V,1.58V,0.88V,1.99V,2.66V,1.93V,1.97V,1.82V,2.33V
1.46V,1.52V,1.58V,0.88V,1.99V,2.66V,1.93V,1.97V,1.82V,2.33V
1.46V,1.52V,1.58V,0.88V,1.99V,2.66V,1.93V,1.97V,1.82V,2.33V
1.46V,1.52V,1.58V,0.88V,1.99V,2.66V,1.93V,1.97V,1.82V,2.33V
1.46V,1.52V,1.58V,0.88V,1.99V,2.66V,1.93V,1.97V,1.82V,2.33V
1.46V,1.52V,1.58V,0.88V,1.99V,2.66V,1.93V,1.97V,1.82V,2.33V
1.46V,1.52V,1.58V,0.88V,1.99V,2.66V,1.93V,1.97V,1.82V,2.33V
1.46V,1.52V,1.58V,0.88V,1.99V,2.66V,1.93V,1.97V,1.82V,2.33V
1.46V,1.52V,1.58V,0.88V,1.99V,2.66V,1.93V,1.97V,1.82V,2.33V
1.46V,1.52V,1.58V,0.88V,1.99V,2.66V,1.93V,1.97V,1.82V,2.33V
1.46V,1.52V,1.58V,0.88V,1.99V,2.66V,1.93V,1.97V,1.82V,2.33V
1.46V,1.52V,1.58V,0.88V,1.99V,2.66V,1.93V,1.97V,1.82V,2.33V
1.46V,1.52V,1.58V,0.88V,1.99V,2.66V,1.93V,1.97V,1.82V,2.33V
1.46V,1.52V,1.58V,0.88V,1.99V,2.66V,1.93V,1.97V,1.82V,2.33V
1.46V,1.52V,1.58V,0.88V,1.99V,2.66V,1.93V,1.97V,1.82V,2.33V
1.46V,1.52V,1.58V,0.88V,1.99V,2.66V,1.93V,1.97V,1.82V,2.33V
1.46V,1.52V,1.58V,0.88V,1.99V,2.66V,1.93V,1.97V,1.82V,2.33V
1.46V,1.52V,1.58V,0.88V,1.99V,2.66V,1.93V,1.97V,1.82V,2.33V
1.46V,1.52V,1.58V,0.88V,1.99V,2.66V,1.93V,1.97V,1.82V,2.33V
1.46V,1.52V,1.58V,0.88V,1.99V,2.66V,1.93V,1.97V,1.82V,2.33V
1.46V,1.52V,1.58V,0.88V,1.99V,2.66V,1.93V,1.97V,1.82V,2.33V
1.46V,1.52V,1.58V,0.88V,1.99V,2.66V,1.93V,1.97V,1.82V,2.33V
1.46V,1.52V,1.58V,0.88V,1.99V,2.66V,1.93V,1.97V,1.82V,2.33V
1.46V,1.52V,1.58V,0.88V,1.99V,2.66V,1.93V,1.97V,1.82V,2.33V
1.46V,1.52V,1.58V,0.88V,1.99V,2.66V,1.93V,1.97V,1.82V,2.33V
1.46V,1.52V,1.58V,0.88V,1.99V,2.66V,1.93V,1.97V,1.82V,2.33V
1.46V,1.52V,1.58V,0.88V,1.99V,2.66V,1.93V,1.97V,1.82V,2.33V
1.46V,1.52V,1.58V,0.88V,1.99V,2.66V,1.93V,1.97V,1.82V,2.33V
1.46V,1.52V,1.58V,0.88V,1.99V,2.66V,1.93V,1.97V,1.82V,2.33V
1.46V,1.52V,1.58V,0.88V,1.99V,2.66V,1.93V,1.97V,1.82V,2.33V
1.46V,1.52V,1.58V,0.88V,1.99V,2.66V,1.93V,1.97V,1.82V,2.33V
1.46V,1.52V,1.58V,0.88V,1.99V,2.66V,1.93V,1.97V,1.82V,2.33V
1.46V,1.52V,1.58V,0.88V,1.99V,2.66V,1.93V,1.97V,1.82V,2.33V
1.46V,1.52V,1.58V,0.88V,1.99V,2.66V,1.93V,1.97V,1.82V,2.34V
1.46V,1.52V,1.58V,0.88V,1.99V,2.66V,1.93V,1.97V,1.82V,2.34V
1.46V,1.52V,1.58V,0.88V,1.99V,2.66V,1.93V,1.97V,1.82V,2.34V
1.46V,1.52V,1.58V,0.88V,1.99V,2.66V,1.93V,1.97V,1.82V,2.34V
1.46V,1.52V,1.58V,0.88V,1.99V,2.66V,1.93V,1.97V,1.82V,2.34V
1.46V,1.52V,1.58V,0.88V,1.99V,2.66V,1.93V,1.97V,1.82V,2.34V
1.46V,1.52V,1.58V,0.88V,1.99V,2.66V,1.93V,1.97V,1.82V,2.34V
1.46V,1.52V,1.58V,0.88V,1.99V,2.66V,1.93V,1.97V,1.82V,2.34V
1.46V,1.52V,1.58V,0.88V,1.99V,2.66V,1.93V,1.97V,1.82V,2.34V
1.46V,1.52V,1.58V,0.88V,1.99V,2.66V,1.93V,1.97V,1.82V,2.34V
1.46V,1.52V,1.58V,0.88V,1.99V,2.66V,1.93V,1.97V,1.82V,2.34V
1.46V,1.52V,1.58V,0.88V,1.99V,2.66V,1.93V,1.97V,1.82V,2.34V
1.46V,1.52V,1.58V,0.88V,1.99V,2.67V,1.93V,1.97V,1.82V,2.34V
1.46V,1.52V,1.58V,0.88V,1.99V,2.67V,1.93V,1.97V,1.82V,2.34V
1.46V,1.52V,1.58V,0.88V,1.99V,2.67V,1.93V,1.97V,1.82V,2.34V
1.46V,1.52V,1.58V,0.88V,1.99V,2.67V,1.93V,1.97V,1.82V,2.34V
1.46V,1.52V,1.58V,0.88V,1.99V,2.67V,1.93V,1.97V,1.82V,2.34V
1.46V,1.52V,1.58V,0.88V,1.99V,2.67V,1.93V,1.97V,1.82V,2.34V
1.46V,1.52V,1.58V,0.88V,1.99V,2.67V,1.93V,1.97V,1.82V,2.34V
1.46V,1.52V,1.58V,0.88V,1.99V,2.67V,1.93V,1.97V,1.82V,2.34V
1.46V,1.52V,1.58V,0.88V,1.99V,2.67V,1.93V,1.97V,1.82V,2.34V
1.46V,1.52V,1.58V,0.88V,1.99V,2.67V,1.93V,1.97V,1.82V,2.34V
1.46V,1.52V,1.58V,0.88V,1.99V,2.67V,1.93V,1.97V,1.82V,2.34V
1.46V,1.52V,1.58V,0.88V,1.99V,2.67V,1.93V,1.97V,1.82V,2.34V
1.46V,1.52V,1.58V,0.88V,1.99V,2.67V,1.93V,1.97V,1.82V,2.34V
1.46V,1.52V,1.58V,0.88V,1.99V,2.67V,1.93V,1.97V,1.82V,2.34V
1.46V,1.52V,1.58V,0.88V,1.99V,2.67V,1.93V,1.97V,1.82V,2.34V
1.46V,1.52V,1.58V,0.88V,1.99V,2.67V,1.93V,1.97V,1.82V,2.34V
1.46V,1.52V,1.58V,0.88V,1.99V,2.67V,1.93V,1.97V,1.82V,2.34V
1.46V,1.52V,1.58V,0.88V,1.99V,2.67V,1.94V,1.97V,1.82V,2.34V
1.46V,1.52V,1.58V,0.88V,1.99V,2.67V,1.94V,1.97V,1.82V,2.34V
1.46V,1.52V,1.58V,0.88V,1.99V,2.67V,1.94V,1.97V,1.82V,2.34V
1.46V,1.52V,1.58V,0.88V,1.99V,2.67V,1.94V,1.97V,1.82V,2.34V
1.46V,1.52V,1.58V,0.88V,1.99V,2.67V,1.94V,1.97V,1.82V,2.34V
1.46V,1.52V,1.58V,0.88V,1.99V,2.67V,1.94V,1.97V,1.82V,2.34V
1.46V,1.52V,1.58V,0.88V,1.99V,2.67V,1.94V,1.97V,1.82V,2.34V
1.46V,1.52V,1.58V,0.88V,1.99V,2.67V,1.94V,1.97V,1.82V,2.34V
1.46V,1.52V,1.58V,0.88V,1.99V,2.67V,1.94V,1.97V,1.82V,2.34V
1.46V,1.52V,1.58V,0.88V,1.99V,2.67V,1.94V,1.97V,1.82V,2.34V
1.46V,1.52V,1.58V,0.88V,1.99V,2.67V,1.94V,1.97V,1.82V,2.34V
1.46V,1.52V,1.58V,0.88V,1.99V,2.67V,1.94V,1.97V,1.82V,2.34V
1.46V,1.52V,1.58V,0.88V,1.99V,2.67V,1.94V,1.97V,1.82V,2.34V
1.46V,1.52V,1.58V,0.88V,1.99V,2.67V,1.94V,1.97V,1.82V,2.34V
1.46V,1.52V,1.58V,0.88V,1.99V,2.67V,1.94V,1.97V,1.82V,2.34V
1.46V,1.52V,1.59V,0.88V,1.99V,2.67V,1.94V,1.97V,1.82V,2.34V
1.46V,1.53V,1.59V,0.88V,1.99V,2.67V,1.94V,1.97V,1.82V,2.34V
1.46V,1.53V,1.59V,0.88V,1.99V,2.67V,1.94V,1.97V,1.82V,2.34V
1.46V,1.53V,1.59V,0.88V,1.99V,2.67V,1.94V,1.97V,1.82V,2.34V
1.46V,1.53V,1.59V,0.88V,1.99V,2.67V,1.94V,1.97V,1.82V,2.34V
1.46V,1.53V,1.59V,0.88V,1.99V,2.67V,1.94V,1.97V,1.82V,2.34V
1.46V,1.53V,1.59V,0.88V,1.99V,2.67V,1.94V,1.97V,1.82V,2.34V
1.46V,1.53V,1.59V,0.88V,1.99V,2.67V,1.94V,1.97V,1.82V,2.34V
1.46V,1.53V,1.59V,0.88V,1.99V,2.67V,1.94V,1.97V,1.82V,2.34V
1.46V,1.53V,1.59V,0.88V,1.99V,2.67V,1.94V,1.97V,1.82V,2.34V
1.46V,1.53V,1.59V,0.88V,1.99V,2.67V,1.94V,1.97V,1.82V,2.34V
1.46V,1.53V,1.59V,0.88V,1.99V,2.67V,1.94V,1.97V,1.82V,2.34V
1.46V,1.53V,1.59V,0.88V,1.99V,2.67V,1.94V,1.97V,1.82V,2.34V
1.46V,1.53V,1.59V,0.88V,1.99V,2.67V,1.94V,1.97V,1.82V,2.34V
1.46V,1.53V,1.59V,0.88V,1.99V,2.67V,1.94V,1.97V,1.82V,2.34V
1.46V,1.53V,1.59V,0.88V,1.99V,2.67V,1.94V,1.97V,1.82V,2.34V
1.46V,1.53V,1.59V,0.88V,1.99V,2.67V,1.94V,1.97V,1.82V,2.34V
1.46V,1.53V,1.59V,0.88V,1.99V,2.67V,1.94V,1.97V,1.82V,2.34V
1.46V,1.53V,1.59V,0.88V,1.99V,2.67V,1.94V,1.97V,1.82V,2.34V
1.46V,1.53V,1.60V,0.88V,1.99V,2.67V,1.94V,1.97V,1.82V,2.34V
1.46V,1.53V,1.60V,0.88V,1.99V,2.67V,1.94V,1.97V,1.82V,2.34V
1.46V,1.53V,1.60V,0.88V,1.99V,2.67V,1.94V,1.97V,1.82V,2.34V
1.46V,1.53V,1.60V,0.88V,1.99V,2.67V,1.94V,1.97V,1.82V,2.34V
1.46V,1.53V,1.60V,0.88V,1.99V,2.67V,1.94V,1.97V,1.82V,2.34V
1.46V,1.53V,1.60V,0.88V,1.99V,2.67V,1.94V,1.97V,1.82V,2.34V
1.46V,1.53V,1.60V,0.88V,1.99V,2.67V,1.94V,1.97V,1.82V,2.34V
1.46V,1.53V,1.60V,0.88V,1.99V,2.67V,1.94V,1.97V,1.82V,2.34V
1.46V,1.53V,1.60V,0.88V,1.99V,2.67V,1.94V,1.97V,1.82V,2.34V
1.46V,1.53V,1.60V,0.88V,1.99V,2.67V,1.94V,1.97V,1.82V,2.34V
1.46V,1.53V,1.60V,0.88V,1.99V,2.67V,1.94V,1.97V,1.82V,2.34V
1.46V,1.53V,1.60V,0.88V,1.99V,2.67V,1.94V,1.97V,1.82V,2.34V
1.46V,1.53V,1.60V,0.88V,1.99V,2.67V,1.94V,1.97V,1.82V,2.34V
1.46V,1.53V,1.60V,0.88V,1.99V,2.67V,1.94V,1.97V,1.82V,2.34V
1.46V,1.53V,1.61V,0.88V,1.99V,2.67V,1.94V,1.97V,1.82V,2.34V
1.46V,1.53V,1.61V,0.88V,1.99V,2.67V,1.94V,1.97V,1.82V,2.34V
1.46V,1.53V,1.61V,0.88V,1.99V,2.67V,1.94V,1.97V,1.82V,2.34V
1.46V,1.53V,1.61V,0.88V,1.99V,2.67V,1.95V,1.97V,1.82V,2.34V
1.46V,1.53V,1.61V,0.88V,1.99V,2.67V,1.95V,1.97V,1.82V,2.34V
1.46V,1.53V,1.61V,0.88V,1.99V,2.67V,1.95V,1.97V,1.82V,2.34V
1.46V,1.53V,1.61V,0.88V,1.99V,2.67V,1.95V,1.97V,1.82V,2.34V
1.46V,1.53V,1.61V,0.88V,1.99V,2.67V,1.95V,1.98V,1.82V,2.34V
1.46V,1.53V,1.61V,0.88V,1.99V,2.67V,1.95V,1.98V,1.82V,2.34V
1.46V,1.53V,1.61V,0.88V,1.99V,2.67V,1.95V,1.98V,1.82V,2.34V
1.46V,1.53V,1.61V,0.88V,1.99V,2.67V,1.95V,1.98V,1.82V,2.34V
1.46V,1.53V,1.61V,0.88V,1.99V,2.67V,1.95V,1.98V,1.82V,2.34V
1.46V,1.53V,1.61V,0.88V,1.99V,2.67V,1.95V,1.98V,1.82V,2.34V
1.46V,1.53V,1.61V,0.88V,1.99V,2.67V,1.95V,1.98V,1.82V,2.34V
1.46V,1.53V,1.61V,0.88V,1.99V,2.67V,1.95V,1.98V,1.82V,2.34V
1.46V,1.53V,1.61V,0.88V,1.99V,2.67V,1.95V,1.98V,1.82V,2.34V
1.46V,1.53V,1.61V,0.88V,1.99V,2.67V,1.95V,1.98V,1.82V,2.34V
1.46V,1.53V,1.61V,0.88V,1.99V,2.67V,1.95V,1.98V,1.82V,2.34V
1.46V,1.53V,1.61V,0.88V,1.99V,2.67V,1.95V,1.98V,1.82V,2.34V
1.46V,1.53V,1.61V,0.88V,1.99V,2.67V,1.95V,1.98V,1.82V,2.34V
1.46V,1.53V,1.61V,0.88V,1.99V,2.67V,1.95V,1.98V,1.82V,2.34V
1.46V,1.53V,1.61V,0.88V,1.99V,2.67V,1.95V,1.98V,1.82V,2.34V
1.46V,1.53V,1.61V,0.88V,1.99V,2.67V,1.95V,1.98V,1.82V,2.34V
1.46V,1.53V,1.61V,0.88V,1.99V,2.67V,1.95V,1.98V,1.82V,2.34V
1.46V,1.53V,1.61V,0.88V,1.99V,2.67V,1.95V,1.98V,1.82V,2.34V
1.46V,1.53V,1.61V,0.88V,1.99V,2.67V,1.95V,1.98V,1.82V,2.34V
1.46V,1.53V,1.61V,0.88V,1.99V,2.67V,1.95V,1.98V,1.82V,2.34V
1.46V,1.53V,1.61V,0.88V,1.99V,2.67V,1.95V,1.98V,1.82V,2.34V
1.46V,1.53V,1.61V,0.88V,1.99V,2.67V,1.95V,1.98V,1.82V,2.34V
1.46V,1.53V,1.61V,0.88V,1.99V,2.67V,1.95V,1.98V,1.82V,2.34V
1.46V,1.53V,1.61V,0.88V,1.99V,2.67V,1.95V,1.98V,1.82V,2.34V
1.46V,1.53V,1.61V,0.88V,1.99V,2.67V,1.95V,1.98V,1.82V,2.34V
1.46V,1.53V,1.61V,0.88V,1.99V,2.67V,1.95V,1.98V,1.82V,2.34V
1.46V,1.53V,1.61V,0.88V,1.99V,2.67V,1.95V,1.98V,1.82V,2.34V
1.46V,1.53V,1.61V,0.88V,1.99V,2.67V,1.95V,1.98V,1.82V,2.34V
1.46V,1.53V,1.61V,0.88V,1.99V,2.67V,1.95V,1.98V,1.82V,2.34V
1.46V,1.53V,1.61V,0.88V,1.99V,2.67V,1.95V,1.98V,1.82V,2.34V
1.46V,1.53V,1.61V,0.88V,1.99V,2.67V,1.95V,1.98V,1.82V,2.34V
1.46V,1.53V,1.61V,0.88V,1.99V,2.67V,1.95V,1.98V,1.82V,2.34V
1.46V,1.53V,1.61V,0.88V,1.99V,2.67V,1.95V,1.98V,1.82V,2.34V
1.46V,1.53V,1.61V,0.88V,1.99V,2.67V,1.95V,1.98V,1.82V,2.34V
1.46V,1.53V,1.61V,0.88V,1.99V,2.67V,1.95V,1.98V,1.82V,2.34V
1.46V,1.53V,1.61V,0.88V,1.99V,2.67V,1.95V,1.98V,1.82V,2.34V
1.46V,1.53V,1.61V,0.88V,1.99V,2.67V,1.95V,1.98V,1.82V,2.34V
1.46V,1.53V,1.61V,0.88V,1.99V,2.67V,1.95V,1.98V,1.82V,2.34V
1.46V,1.53V,1.61V,0.88V,1.99V,2.67V,1.95V,1.98V,1.82V,2.34V
1.46V,1.53V,1.61V,0.88V,1.99V,2.67V,1.95V,1.98V,1.82V,2.34V
1.46V,1.53V,1.61V,0.88V,1.99V,2.67V,1.95V,1.98V,1.82V,2.34V
1.46V,1.53V,1.61V,0.88V,1.99V,2.67V,1.95V,1.98V,1.82V,2.34V
1.46V,1.53V,1.61V,0.88V,1.99V,2.67V,1.95V,1.98V,1.82V,2.34V
1.46V,1.53V,1.62V,0.88V,1.99V,2.67V,1.95V,1.98V,1.82V,2.34V
1.46V,1.53V,1.62V,0.88V,1.99V,2.67V,1.95V,1.98V,1.82V,2.34V
1.46V,1.53V,1.62V,0.88V,1.99V,2.67V,1.95V,1.98V,1.82V,2.34V
1.46V,1.53V,1.62V,0.88V,1.99V,2.67V,1.95V,1.98V,1.82V,2.34V
1.46V,1.53V,1.62V,0.88V,1.99V,2.67V,1.95V,1.98V,1.82V,2.34V
1.46V,1.53V,1.62V,0.88V,1.99V,2.67V,1.95V,1.98V,1.82V,2.34V
1.46V,1.53V,1.62V,0.88V,1.99V,2.67V,1.95V,1.98V,1.82V,2.34V
1.46V,1.53V,1.62V,0.88V,1.99V,2.67V,1.95V,1.98V,1.82V,2.34V
1.46V,1.53V,1.62V,0.88V,1.99V,2.68V,1.95V,1.98V,1.82V,2.34V
1.46V,1.53V,1.62V,0.88V,1.99V,2.68V,1.95V,1.98V,1.82V,2.34V
1.47V,1.53V,1.62V,0.88V,1.99V,2.68V,1.95V,1.98V,1.82V,2.34V
1.47V,1.53V,1.62V,0.88V,1.99V,2.68V,1.95V,1.98V,1.82V,2.34V
1.47V,1.53V,1.62V,0.88V,1.99V,2.68V,1.95V,1.98V,1.82V,2.34V
1.47V,1.53V,1.62V,0.88V,1.99V,2.68V,1.95V,1.98V,1.82V,2.34V
1.47V,1.53V,1.62V,0.88V,1.99V,2.68V,1.95V,1.98V,1.82V,2.34V
1.47V,1.53V,1.62V,0.88V,1.99V,2.68V,1.95V,1.98V,1.82V,2.34V
1.47V,1.53V,1.62V,0.88V,1.99V,2.68V,1.95V,1.98V,1.82V,2.34V
1.47V,1.53V,1.62V,0.88V,1.99V,2.68V,1.95V,1.98V,1.82V,2.34V
1.47V,1.53V,1.62V,0.88V,1.99V,2.68V,1.95V,1.98V,1.82V,2.34V
1.47V,1.53V,1.62V,0.88V,1.99V,2.68V,1.95V,1.98V,1.82V,2.34V
1.47V,1.53V,1.62V,0.88V,1.99V,2.68V,1.95V,1.98V,1.82V,2.34V
1.47V,1.53V,1.62V,0.88V,1.99V,2.68V,1.95V,1.98V,1.82V,2.34V
1.47V,1.53V,1.62V,0.88V,1.99V,2.68V,1.95V,1.98V,1.82V,2.34V
1.47V,1.53V,1.62V,0.88V,1.99V,2.68V,1.95V,1.98V,1.82V,2.34V
1.47V,1.53V,1.62V,0.88V,1.99V,2.68V,1.95V,1.98V,1.82V,2.34V
1.47V,1.53V,1.62V,0.88V,1.99V,2.68V,1.95V,1.98V,1.82V,2.34V
1.47V,1.53V,1.62V,0.88V,1.99V,2.68V,1.95V,1.98V,1.82V,2.34V
1.47V,1.53V,1.62V,0.88V,1.99V,2.68V,1.95V,1.98V,1.82V,2.34V
1.47V,1.53V,1.62V,0.88V,1.99V,2.68V,1.95V,1.98V,1.82V,2.34V
1.47V,1.53V,1.62V,0.88V,1.99V,2.68V,1.95V,1.98V,1.82V,2.34V
1.47V,1.54V,1.62V,0.88V,1.99V,2.68V,1.95V,1.98V,1.82V,2.34V
1.47V,1.54V,1.62V,0.88V,1.99V,2.68V,1.95V,1.98V,1.82V,2.34V
1.47V,1.54V,1.62V,0.88V,1.99V,2.68V,1.95V,1.98V,1.82V,2.34V
1.47V,1.54V,1.62V,0.88V,1.99V,2.68V,1.95V,1.98V,1.82V,2.34V
1.47V,1.54V,1.62V,0.88V,1.99V,2.68V,1.95V,1.98V,1.82V,2.34V
1.47V,1.54V,1.62V,0.88V,1.99V,2.68V,1.95V,1.98V,1.82V,2.34V
1.47V,1.54V,1.62V,0.88V,1.99V,2.68V,1.95V,1.98V,1.82V,2.34V
1.47V,1.54V,1.62V,0.88V,1.99V,2.68V,1.95V,1.98V,1.82V,2.34V
1.47V,1.54V,1.62V,0.88V,1.99V,2.68V,1.95V,1.98V,1.82V,2.34V
1.47V,1.54V,1.62V,0.88V,1.99V,2.68V,1.95V,1.98V,1.82V,2.34V
1.47V,1.54V,1.62V,0.88V,1.99V,2.68V,1.95V,1.98V,1.82V,2.34V
1.47V,1.54V,1.62V,0.88V,1.99V,2.68V,1.95V,1.98V,1.82V,2.34V
1.47V,1.54V,1.62V,0.88V,1.99V,2.68V,1.95V,1.98V,1.82V,2.34V
1.47V,1.54V,1.62V,0.88V,1.99V,2.68V,1.95V,1.98V,1.82V,2.34V
1.47V,1.54V,1.62V,0.88V,1.99V,2.68V,1.95V,1.98V,1.82V,2.34V
1.47V,1.54V,1.62V,0.88V,1.99V,2.68V,1.95V,1.98V,1.82V,2.34V
1.47V,1.54V,1.62V,0.88V,1.99V,2.68V,1.95V,1.98V,1.82V,2.34V
1.47V,1.54V,1.62V,0.88V,1.99V,2.68V,1.95V,1.98V,1.82V,2.34V
1.47V,1.54V,1.62V,0.88V,1.99V,2.68V,1.95V,1.98V,1.82V,2.34V
1.47V,1.54V,1.62V,0.88V,1.99V,2.68V,1.95V,1.98V,1.82V,2.34V
1.47V,1.54V,1.62V,0.88V,1.99V,2.68V,1.95V,1.98V,1.82V,2.34V
1.47V,1.54V,1.62V,0.88V,1.99V,2.68V,1.95V,1.98V,1.82V,2.34V
1.47V,1.54V,1.62V,0.88V,1.99V,2.68V,1.95V,1.98V,1.82V,2.34V
1.47V,1.54V,1.62V,0.88V,1.99V,2.68V,1.95V,1.98V,1.82V,2.34V
1.47V,1.54V,1.62V,0.88V,1.99V,2.68V,1.95V,1.98V,1.82V,2.34V
1.47V,1.54V,1.62V,0.88V,1.99V,2.68V,1.95V,1.98V,1.82V,2.34V
1.47V,1.54V,1.62V,0.88V,1.99V,2.68V,1.96V,1.98V,1.82V,2.34V
1.47V,1.54V,1.62V,0.88V,1.99V,2.68V,1.96V,1.98V,1.82V,2.34V
1.47V,1.54V,1.62V,0.88V,1.99V,2.68V,1.96V,1.98V,1.82V,2.34V
1.47V,1.54V,1.62V,0.88V,1.99V,2.68V,1.96V,1.98V,1.82V,2.34V
1.47V,1.54V,1.62V,0.88V,1.99V,2.68V,1.96V,1.98V,1.82V,2.34V
1.47V,1.54V,1.62V,0.88V,1.99V,2.68V,1.96V,1.98V,1.82V,2.34V
1.47V,1.54V,1.62V,0.88V,1.99V,2.68V,1.96V,1.98V,1.82V,2.34V
1.47V,1.54V,1.62V,0.88V,1.99V,2.68V,1.96V,1.98V,1.82V,2.34V
1.47V,1.54V,1.62V,0.88V,1.99V,2.68V,1.96V,1.98V,1.82V,2.34V
1.47V,1.54V,1.62V,0.88V,1.99V,2.68V,1.96V,1.98V,1.82V,2.34V
1.47V,1.54V,1.62V,0.88V,1.99V,2.68V,1.96V,1.98V,1.82V,2.34V
1.47V,1.54V,1.62V,0.88V,1.99V,2.68V,1.96V,1.98V,1.82V,2.34V
1.47V,1.54V,1.62V,0.88V,1.99V,2.68V,1.96V,1.98V,1.82V,2.34V
1.47V,1.54V,1.62V,0.88V,1.99V,2.68V,1.96V,1.98V,1.82V,2.34V
1.47V,1.54V,1.62V,0.88V,1.99V,2.68V,1.96V,1.98V,1.82V,2.34V
1.47V,1.54V,1.62V,0.88V,1.99V,2.68V,1.96V,1.98V,1.82V,2.34V
1.47V,1.54V,1.62V,0.88V,1.99V,2.68V,1.96V,1.98V,1.82V,2.34V
1.47V,1.54V,1.62V,0.88V,1.99V,2.68V,1.96V,1.98V,1.82V,2.34V
1.47V,1.54V,1.62V,0.88V,1.99V,2.68V,1.96V,1.98V,1.82V,2.34V
1.47V,1.54V,1.62V,0.88V,1.99V,2.68V,1.96V,1.98V,1.82V,2.34V
1.47V,1.54V,1.62V,0.88V,1.99V,2.68V,1.96V,1.98V,1.82V,2.34V
1.47V,1.54V,1.62V,0.88V,1.99V,2.68V,1.96V,1.98V,1.82V,2.34V
1.47V,1.54V,1.62V,0.88V,1.99V,2.68V,1.96V,1.98V,1.82V,2.34V
1.47V,1.54V,1.62V,0.88V,1.99V,2.68V,1.96V,1.98V,1.82V,2.34V
1.47V,1.54V,1.62V,0.88V,1.99V,2.68V,1.96V,1.98V,1.82V,2.34V
1.47V,1.54V,1.62V,0.88V,1.99V,2.68V,1.96V,1.98V,1.82V,2.34V
1.47V,1.55V,1.62V,0.88V,1.99V,2.68V,1.96V,1.98V,1.82V,2.34V
1.47V,1.55V,1.62V,0.88V,1.99V,2.68V,1.96V,1.98V,1.82V,2.34V
1.47V,1.55V,1.62V,0.88V,1.99V,2.68V,1.96V,1.98V,1.82V,2.34V
1.47V,1.55V,1.62V,0.88V,1.99V,2.68V,1.96V,1.98V,1.82V,2.34V
1.47V,1.55V,1.62V,0.88V,1.99V,2.68V,1.96V,1.98V,1.82V,2.34V
1.47V,1.55V,1.62V,0.88V,1.99V,2.68V,1.96V,1.98V,1.82V,2.34V
1.47V,1.55V,1.62V,0.88V,1.99V,2.68V,1.96V,1.98V,1.82V,2.34V
1.47V,1.55V,1.62V,0.88V,1.99V,2.68V,1.96V,1.98V,1.82V,2.34V
1.47V,1.55V,1.62V,0.88V,1.99V,2.68V,1.96V,1.98V,1.82V,2.34V
1.47V,1.55V,1.62V,0.88V,1.99V,2.68V,1.96V,1.98V,1.82V,2.34V
1.47V,1.55V,1.62V,0.88V,1.99V,2.68V,1.96V,1.98V,1.82V,2.34V
1.47V,1.55V,1.62V,0.88V,1.99V,2.68V,1.96V,1.98V,1.82V,2.34V
1.47V,1.55V,1.62V,0.88V,1.99V,2.68V,1.96V,1.98V,1.82V,2.34V
1.47V,1.55V,1.62V,0.88V,1.99V,2.68V,1.96V,1.98V,1.82V,2.34V
1.47V,1.55V,1.62V,0.88V,1.99V,2.68V,1.96V,1.98V,1.82V,2.34V
1.47V,1.55V,1.62V,0.88V,1.99V,2.68V,1.96V,1.98V,1.82V,2.34V
1.47V,1.55V,1.62V,0.88V,1.99V,2.68V,1.96V,1.98V,1.82V,2.34V
1.47V,1.55V,1.62V,0.88V,1.99V,2.68V,1.96V,1.98V,1.82V,2.34V
1.47V,1.55V,1.62V,0.88V,1.99V,2.68V,1.96V,1.98V,1.82V,2.34V
1.47V,1.55V,1.62V,0.88V,1.99V,2.68V,1.96V,1.98V,1.82V,2.34V
1.47V,1.55V,1.62V,0.88V,1.99V,2.68V,1.96V,1.98V,1.82V,2.34V
1.47V,1.55V,1.62V,0.88V,1.99V,2.68V,1.96V,1.98V,1.82V,2.34V
1.47V,1.55V,1.62V,0.88V,1.99V,2.68V,1.96V,1.98V,1.82V,2.34V
1.47V,1.55V,1.62V,0.88V,1.99V,2.68V,1.96V,1.98V,1.82V,2.34V
1.47V,1.55V,1.62V,0.88V,1.99V,2.68V,1.96V,1.98V,1.82V,2.34V
1.47V,1.55V,1.62V,0.88V,1.99V,2.68V,1.96V,1.98V,1.82V,2.34V
1.47V,1.55V,1.62V,0.88V,1.99V,2.68V,1.96V,1.98V,1.82V,2.34V
1.47V,1.55V,1.62V,0.88V,1.99V,2.68V,1.96V,1.98V,1.82V,2.34V
1.47V,1.55V,1.62V,0.88V,1.99V,2.68V,1.96V,1.98V,1.82V,2.34V
1.47V,1.55V,1.62V,0.88V,1.99V,2.68V,1.96V,1.98V,1.82V,2.34V
1.47V,1.55V,1.62V,0.88V,1.99V,2.68V,1.96V,1.98V,1.82V,2.34V
1.47V,1.55V,1.62V,0.88V,1.99V,2.68V,1.96V,1.98V,1.82V,2.34V
1.47V,1.55V,1.62V,0.88V,1.99V,2.68V,1.96V,1.98V,1.82V,2.34V
1.47V,1.55V,1.62V,0.88V,1.99V,2.68V,1.96V,1.98V,1.82V,2.34V
1.47V,1.55V,1.62V,0.88V,1.99V,2.68V,1.96V,1.98V,1.82V,2.34V
1.47V,1.55V,1.62V,0.88V,1.99V,2.68V,1.96V,1.98V,1.82V,2.34V
1.47V,1.55V,1.62V,0.88V,1.99V,2.68V,1.96V,1.98V,1.82V,2.34V
1.47V,1.55V,1.62V,0.88V,1.99V,2.69V,1.96V,1.98V,1.82V,2.34V
1.47V,1.55V,1.62V,0.88V,1.99V,2.69V,1.96V,1.98V,1.82V,2.34V
1.47V,1.55V,1.62V,0.88V,1.99V,2.69V,1.96V,1.98V,1.82V,2.34V
1.47V,1.55V,1.62V,0.88V,1.99V,2.69V,1.96V,1.98V,1.82V,2.34V
1.47V,1.55V,1.62V,0.88V,1.99V,2.69V,1.96V,1.98V,1.82V,2.34V
1.47V,1.55V,1.62V,0.88V,1.99V,2.69V,1.96V,1.98V,1.82V,2.34V
1.47V,1.55V,1.62V,0.88V,1.99V,2.69V,1.96V,1.98V,1.82V,2.34V
1.47V,1.55V,1.62V,0.88V,1.99V,2.69V,1.96V,1.98V,1.82V,2.34V
1.47V,1.55V,1.62V,0.88V,1.99V,2.69V,1.96V,1.98V,1.82V,2.34V
1.47V,1.55V,1.62V,0.88V,1.99V,2.69V,1.96V,1.98V,1.82V,2.34V
1.47V,1.55V,1.62V,0.88V,1.99V,2.69V,1.96V,1.98V,1.82V,2.34V
1.47V,1.55V,1.62V,0.88V,1.99V,2.69V,1.96V,1.98V,1.82V,2.34V
1.47V,1.55V,1.62V,0.88V,1.99V,2.69V,1.96V,1.98V,1.82V,2.34V
1.47V,1.55V,1.62V,0.88V,1.99V,2.69V,1.96V,1.98V,1.82V,2.34V
1.47V,1.55V,1.62V,0.88V,1.99V,2.69V,1.96V,1.98V,1.82V,2.34V
1.47V,1.55V,1.62V,0.88V,1.99V,2.69V,1.96V,1.98V,1.82V,2.34V
1.47V,1.55V,1.62V,0.88V,1.99V,2.69V,1.96V,1.98V,1.82V,2.34V
1.47V,1.55V,1.62V,0.88V,1.99V,2.69V,1.96V,1.98V,1.82V,2.34V
1.47V,1.55V,1.62V,0.88V,1.99V,2.69V,1.96V,1.98V,1.82V,2.34V
1.47V,1.55V,1.62V,0.88V,1.99V,2.69V,1.96V,1.98V,1.82V,2.34V
1.47V,1.55V,1.62V,0.88V,1.99V,2.69V,1.96V,1.98V,1.82V,2.34V
1.47V,1.55V,1.62V,0.88V,1.99V,2.69V,1.96V,1.98V,1.82V,2.34V
1.47V,1.55V,1.62V,0.88V,1.99V,2.69V,1.96V,1.98V,1.82V,2.34V
1.47V,1.55V,1.62V,0.88V,1.99V,2.69V,1.96V,1.98V,1.82V,2.34V
1.47V,1.55V,1.62V,0.88V,1.99V,2.69V,1.96V,1.98V,1.82V,2.34V
1.47V,1.55V,1.62V,0.88V,1.99V,2.69V,1.96V,1.98V,1.82V,2.34V
1.47V,1.55V,1.62V,0.88V,1.99V,2.69V,1.96V,1.98V,1.82V,2.34V
1.47V,1.55V,1.62V,0.88V,1.99V,2.69V,1.96V,1.98V,1.82V,2.34V
1.47V,1.55V,1.62V,0.88V,1.99V,2.69V,1.96V,1.98V,1.82V,2.34V
1.47V,1.55V,1.62V,0.88V,1.99V,2.69V,1.96V,1.98V,1.82V,2.34V
1.47V,1.55V,1.62V,0.88V,1.99V,2.69V,1.96V,1.98V,1.82V,2.34V
1.47V,1.55V,1.62V,0.88V,1.99V,2.69V,1.96V,1.98V,1.82V,2.34V
1.47V,1.55V,1.62V,0.88V,1.99V,2.69V,1.96V,1.98V,1.82V,2.34V
1.47V,1.55V,1.62V,0.88V,1.99V,2.69V,1.96V,1.98V,1.82V,2.34V
1.47V,1.55V,1.62V,0.88V,1.99V,2.69V,1.96V,1.98V,1.82V,2.34V
1.47V,1.55V,1.62V,0.88V,1.99V,2.69V,1.96V,1.98V,1.82V,2.34V
1.47V,1.55V,1.62V,0.88V,1.99V,2.69V,1.96V,1.98V,1.82V,2.34V
1.47V,1.55V,1.62V,0.88V,1.99V,2.69V,1.96V,1.98V,1.82V,2.34V
1.47V,1.55V,1.62V,0.88V,1.99V,2.69V,1.96V,1.98V,1.82V,2.34V
1.47V,1.55V,1.62V,0.88V,1.99V,2.69V,1.96V,1.98V,1.82V,2.34V
1.47V,1.55V,1.62V,0.88V,1.99V,2.69V,1.96V,1.98V,1.82V,2.34V
1.47V,1.55V,1.62V,0.88V,1.99V,2.69V,1.96V,1.98V,1.83V,2.34V
1.47V,1.55V,1.62V,0.88V,1.99V,2.69V,1.96V,1.98V,1.83V,2.34V
1.47V,1.55V,1.62V,0.88V,1.99V,2.69V,1.96V,1.98V,1.83V,2.34V
1.47V,1.55V,1.62V,0.88V,1.99V,2.69V,1.96V,1.98V,1.83V,2.34V
1.47V,1.55V,1.62V,0.88V,1.99V,2.69V,1.96V,1.98V,1.83V,2.34V
1.47V,1.55V,1.62V,0.88V,1.99V,2.69V,1.96V,1.98V,1.83V,2.34V
1.47V,1.55V,1.62V,0.88V,1.99V,2.69V,1.96V,1.98V,1.83V,2.34V
1.47V,1.55V,1.62V,0.88V,1.99V,2.69V,1.96V,1.98V,1.83V,2.34V
1.47V,1.55V,1.62V,0.88V,1.99V,2.69V,1.96V,1.98V,1.83V,2.34V
1.47V,1.55V,1.62V,0.88V,1.99V,2.69V,1.96V,1.98V,1.83V,2.34V
1.47V,1.55V,1.62V,0.88V,1.99V,2.69V,1.96V,1.98V,1.83V,2.34V
1.47V,1.55V,1.62V,0.88V,1.99V,2.69V,1.96V,1.98V,1.83V,2.34V
1.47V,1.55V,1.62V,0.88V,1.99V,2.69V,1.96V,1.98V,1.83V,2.34V
1.47V,1.55V,1.62V,0.88V,1.99V,2.69V,1.96V,1.98V,1.83V,2.34V
1.47V,1.55V,1.62V,0.88V,1.99V,2.69V,1.96V,1.98V,1.83V,2.34V
1.47V,1.55V,1.62V,0.88V,1.99V,2.69V,1.96V,1.98V,1.83V,2.34V
1.47V,1.55V,1.62V,0.88V,1.99V,2.69V,1.96V,1.98V,1.83V,2.34V
1.47V,1.55V,1.62V,0.88V,1.99V,2.69V,1.96V,1.98V,1.83V,2.34V
1.47V,1.55V,1.62V,0.88V,1.99V,2.69V,1.96V,1.98V,1.83V,2.34V
1.47V,1.55V,1.62V,0.88V,1.99V,2.69V,1.96V,1.98V,1.83V,2.34V
1.47V,1.55V,1.62V,0.88V,1.99V,2.69V,1.96V,1.98V,1.83V,2.34V
1.47V,1.55V,1.62V,0.88V,1.99V,2.69V,1.96V,1.98V,1.83V,2.34V
1.47V,1.55V,1.62V,0.88V,1.99V,2.69V,1.96V,1.98V,1.83V,2.34V
1.47V,1.55V,1.62V,0.88V,1.99V,2.69V,1.96V,1.98V,1.83V,2.34V
1.47V,1.55V,1.62V,0.88V,1.99V,2.69V,1.96V,1.98V,1.83V,2.34V
1.47V,1.55V,1.62V,0.88V,1.99V,2.69V,1.96V,1.98V,1.83V,2.34V
1.47V,1.55V,1.62V,0.88V,1.99V,2.69V,1.96V,1.98V,1.83V,2.34V
1.47V,1.55V,1.62V,0.88V,1.99V,2.69V,1.96V,1.98V,1.83V,2.34V
1.47V,1.55V,1.62V,0.88V,1.99V,2.69V,1.96V,1.98V,1.83V,2.34V
1.47V,1.55V,1.62V,0.88V,1.99V,2.69V,1.96V,1.98V,1.83V,2.34V
1.47V,1.55V,1.62V,0.88V,1.99V,2.69V,1.96V,1.98V,1.83V,2.34V
1.47V,1.55V,1.62V,0.88V,1.99V,2.69V,1.96V,1.98V,1.83V,2.34V
1.47V,1.55V,1.62V,0.88V,1.99V,2.69V,1.96V,1.98V,1.83V,2.34V
1.47V,1.55V,1.62V,0.88V,1.99V,2.69V,1.96V,1.98V,1.83V,2.34V
1.47V,1.55V,1.62V,0.88V,1.99V,2.69V,1.96V,1.98V,1.83V,2.34V
1.47V,1.55V,1.62V,0.88V,1.99V,2.69V,1.96V,1.98V,1.83V,2.34V
1.47V,1.55V,1.62V,0.88V,1.99V,2.69V,1.96V,1.98V,1.83V,2.34V
1.47V,1.55V,1.62V,0.88V,1.99V,2.69V,1.96V,1.98V,1.83V,2.34V
1.47V,1.55V,1.62V,0.88V,1.99V,2.69V,1.96V,1.98V,1.83V,2.34V
1.47V,1.55V,1.62V,0.88V,1.99V,2.69V,1.96V,1.98V,1.83V,2.34V
1.47V,1.55V,1.62V,0.88V,1.99V,2.69V,1.96V,1.98V,1.83V,2.34V
1.47V,1.55V,1.62V,0.88V,1.99V,2.69V,1.96V,1.98V,1.83V,2.34V
1.47V,1.55V,1.62V,0.88V,1.99V,2.69V,1.96V,1.98V,1.83V,2.34V
1.47V,1.55V,1.62V,0.88V,1.99V,2.69V,1.96V,1.98V,1.83V,2.34V
1.47V,1.55V,1.62V,0.88V,1.99V,2.69V,1.96V,1.98V,1.83V,2.34V
1.47V,1.55V,1.62V,0.88V,1.99V,2.69V,1.96V,1.98V,1.83V,2.34V
1.47V,1.55V,1.62V,0.88V,1.99V,2.69V,1.96V,1.98V,1.83V,2.34V
1.47V,1.55V,1.62V,0.88V,1.99V,2.69V,1.96V,1.98V,1.83V,2.34V
1.47V,1.55V,1.62V,0.88V,1.99V,2.69V,1.96V,1.98V,1.83V,2.34V
1.47V,1.55V,1.62V,0.88V,1.99V,2.69V,1.96V,1.98V,1.83V,2.34V
1.47V,1.55V,1.62V,0.88V,1.99V,2.69V,1.96V,1.98V,1.83V,2.34V
1.47V,1.55V,1.62V,0.88V,1.99V,2.69V,1.96V,1.98V,1.83V,2.34V
1.47V,1.55V,1.62V,0.88V,1.99V,2.69V,1.96V,1.98V,1.83V,2.34V
1.47V,1.55V,1.62V,0.88V,1.99V,2.69V,1.96V,1.98V,1.83V,2.34V
1.47V,1.55V,1.62V,0.88V,1.99V,2.69V,1.96V,1.98V,1.83V,2.34V
1.47V,1.55V,1.62V,0.88V,1.99V,2.69V,1.96V,1.98V,1.83V,2.34V
1.47V,1.55V,1.62V,0.88V,1.99V,2.69V,1.96V,1.99V,1.83V,2.34V
1.47V,1.55V,1.62V,0.88V,1.99V,2.69V,1.96V,1.99V,1.83V,2.34V
1.47V,1.55V,1.62V,0.88V,1.99V,2.69V,1.96V,1.99V,1.83V,2.34V
1.47V,1.55V,1.62V,0.88V,1.99V,2.69V,1.96V,1.99V,1.83V,2.34V
1.47V,1.55V,1.62V,0.88V,1.99V,2.69V,1.96V,1.99V,1.83V,2.34V
1.47V,1.55V,1.62V,0.88V,1.99V,2.69V,1.96V,1.99V,1.83V,2.34V
1.47V,1.55V,1.62V,0.88V,1.99V,2.69V,1.96V,1.99V,1.83V,2.34V
1.47V,1.55V,1.62V,0.88V,1.99V,2.69V,1.96V,1.99V,1.83V,2.34V
1.47V,1.55V,1.62V,0.88V,1.99V,2.69V,1.96V,1.99V,1.83V,2.34V
1.47V,1.55V,1.62V,0.88V,1.99V,2.69V,1.96V,1.99V,1.83V,2.34V
1.47V,1.55V,1.62V,0.88V,1.99V,2.69V,1.96V,1.99V,1.83V,2.34V
1.47V,1.55V,1.62V,0.88V,1.99V,2.69V,1.96V,1.99V,1.83V,2.34V
1.47V,1.55V,1.62V,0.88V,1.99V,2.69V,1.96V,1.99V,1.83V,2.34V
1.47V,1.55V,1.62V,0.88V,1.99V,2.69V,1.96V,1.99V,1.83V,2.34V
1.47V,1.55V,1.62V,0.88V,1.99V,2.69V,1.96V,1.99V,1.83V,2.34V
1.47V,1.55V,1.62V,0.88V,1.99V,2.69V,1.96V,1.99V,1.83V,2.34V
1.47V,1.55V,1.62V,0.88V,1.99V,2.69V,1.96V,1.99V,1.83V,2.34V
1.47V,1.55V,1.62V,0.88V,1.99V,2.69V,1.96V,1.99V,1.83V,2.34V
1.47V,1.55V,1.62V,0.88V,1.99V,2.69V,1.96V,1.99V,1.83V,2.34V
1.47V,1.55V,1.62V,0.88V,1.99V,2.69V,1.96V,1.99V,1.83V,2.34V
1.47V,1.55V,1.62V,0.88V,1.99V,2.69V,1.96V,1.99V,1.83V,2.34V
1.47V,1.55V,1.62V,0.88V,1.99V,2.69V,1.96V,1.99V,1.83V,2.34V
1.47V,1.55V,1.62V,0.88V,1.99V,2.69V,1.96V,1.99V,1.83V,2.34V
1.47V,1.55V,1.62V,0.88V,1.99V,2.69V,1.96V,1.99V,1.83V,2.34V
1.47V,1.55V,1.62V,0.88V,1.99V,2.69V,1.96V,1.99V,1.83V,2.34V
1.47V,1.55V,1.62V,0.88V,1.99V,2.69V,1.96V,1.99V,1.83V,2.34V
1.47V,1.55V,1.62V,0.88V,1.99V,2.69V,1.96V,1.99V,1.83V,2.34V
1.47V,1.55V,1.62V,0.88V,1.99V,2.69V,1.96V,1.99V,1.83V,2.34V
1.47V,1.55V,1.62V,0.88V,1.99V,2.69V,1.96V,1.99V,1.83V,2.34V
1.47V,1.55V,1.62V,0.88V,1.99V,2.69V,1.96V,1.99V,1.83V,2.34V
1.47V,1.55V,1.62V,0.88V,1.99V,2.69V,1.96V,1.99V,1.83V,2.34V
1.47V,1.55V,1.62V,0.88V,1.99V,2.69V,1.96V,1.99V,1.83V,2.34V
1.47V,1.55V,1.62V,0.88V,1.99V,2.69V,1.96V,1.99V,1.83V,2.34V
1.47V,1.55V,1.62V,0.88V,1.99V,2.69V,1.96V,1.99V,1.83V,2.34V
1.47V,1.55V,1.62V,0.88V,1.99V,2.69V,1.96V,1.99V,1.83V,2.34V
1.47V,1.55V,1.62V,0.88V,1.99V,2.69V,1.96V,1.99V,1.83V,2.34V
1.47V,1.55V,1.62V,0.88V,1.99V,2.69V,1.96V,1.99V,1.83V,2.34V
1.47V,1.55V,1.62V,0.88V,1.99V,2.69V,1.96V,1.99V,1.83V,2.34V
1.47V,1.55V,1.62V,0.88V,1.99V,2.69V,1.96V,1.99V,1.83V,2.34V
1.47V,1.55V,1.62V,0.88V,1.99V,2.69V,1.96V,1.99V,1.83V,2.34V
1.47V,1.55V,1.62V,0.88V,1.99V,2.69V,1.96V,1.99V,1.83V,2.34V
1.47V,1.55V,1.62V,0.88V,1.99V,2.69V,1.96V,1.99V,1.83V,2.34V
1.47V,1.55V,1.62V,0.88V,1.99V,2.69V,1.96V,1.99V,1.83V,2.34V
1.47V,1.55V,1.62V,0.88V,1.99V,2.69V,1.96V,1.99V,1.83V,2.34V
1.47V,1.55V,1.62V,0.88V,1.99V,2.69V,1.96V,1.99V,1.83V,2.34V
1.47V,1.55V,1.62V,0.89V,1.99V,2.69V,1.96V,1.99V,1.83V,2.34V
1.47V,1.55V,1.62V,0.89V,1.99V,2.69V,1.96V,1.99V,1.83V,2.34V
1.47V,1.56V,1.62V,0.89V,1.99V,2.69V,1.96V,1.99V,1.83V,2.34V
1.47V,1.56V,1.62V,0.89V,1.99V,2.69V,1.96V,1.99V,1.83V,2.34V
1.47V,1.56V,1.62V,0.89V,1.99V,2.69V,1.96V,1.99V,1.83V,2.34V
1.47V,1.56V,1.62V,0.89V,1.99V,2.69V,1.96V,1.99V,1.83V,2.34V
1.47V,1.56V,1.62V,0.89V,1.99V,2.69V,1.96V,1.99V,1.83V,2.34V
1.47V,1.56V,1.62V,0.89V,1.99V,2.69V,1.96V,1.99V,1.83V,2.34V
1.47V,1.56V,1.62V,0.89V,1.99V,2.69V,1.96V,1.99V,1.83V,2.34V
1.47V,1.56V,1.62V,0.89V,1.99V,2.69V,1.96V,1.99V,1.83V,2.34V
1.47V,1.56V,1.62V,0.89V,1.99V,2.69V,1.96V,1.99V,1.83V,2.34V
1.47V,1.56V,1.62V,0.89V,1.99V,2.70V,1.96V,1.99V,1.83V,2.34V
1.47V,1.56V,1.62V,0.89V,1.99V,2.70V,1.96V,1.99V,1.83V,2.34V
1.47V,1.56V,1.62V,0.89V,1.99V,2.70V,1.96V,1.99V,1.83V,2.34V
1.47V,1.56V,1.62V,0.89V,1.99V,2.70V,1.96V,1.99V,1.83V,2.34V
1.47V,1.56V,1.62V,0.89V,1.99V,2.70V,1.96V,1.99V,1.83V,2.34V
1.47V,1.56V,1.62V,0.89V,1.99V,2.70V,1.96V,1.99V,1.83V,2.34V
1.47V,1.56V,1.62V,0.89V,1.99V,2.70V,1.96V,1.99V,1.83V,2.34V
1.47V,1.56V,1.62V,0.89V,1.99V,2.70V,1.96V,1.99V,1.83V,2.34V
1.47V,1.56V,1.62V,0.89V,1.99V,2.70V,1.96V,1.99V,1.83V,2.34V
1.47V,1.56V,1.62V,0.89V,1.99V,2.70V,1.96V,1.99V,1.83V,2.34V
1.47V,1.56V,1.62V,0.89V,1.99V,2.70V,1.96V,1.99V,1.83V,2.34V
1.47V,1.56V,1.62V,0.89V,1.99V,2.70V,1.96V,1.99V,1.83V,2.34V
1.47V,1.56V,1.62V,0.89V,1.99V,2.70V,1.96V,1.99V,1.83V,2.34V
1.47V,1.56V,1.62V,0.89V,1.99V,2.70V,1.96V,1.99V,1.83V,2.34V
1.47V,1.56V,1.62V,0.89V,1.99V,2.70V,1.96V,1.99V,1.83V,2.34V
1.47V,1.56V,1.62V,0.89V,1.99V,2.70V,1.96V,1.99V,1.83V,2.34V
1.47V,1.56V,1.62V,0.89V,1.99V,2.70V,1.96V,1.99V,1.83V,2.34V
1.47V,1.56V,1.62V,0.89V,1.99V,2.70V,1.96V,1.99V,1.83V,2.34V
1.47V,1.56V,1.62V,0.89V,1.99V,2.70V,1.96V,1.99V,1.83V,2.34V
1.47V,1.56V,1.62V,0.89V,1.99V,2.70V,1.96V,1.99V,1.83V,2.34V
1.47V,1.56V,1.62V,0.89V,1.99V,2.70V,1.96V,1.99V,1.83V,2.34V
1.47V,1.56V,1.62V,0.89V,1.99V,2.70V,1.96V,1.99V,1.83V,2.34V
1.47V,1.56V,1.62V,0.89V,1.99V,2.70V,1.96V,1.99V,1.83V,2.34V
1.47V,1.56V,1.62V,0.89V,1.99V,2.70V,1.96V,1.99V,1.83V,2.34V
1.47V,1.56V,1.62V,0.89V,1.99V,2.70V,1.96V,1.99V,1.83V,2.34V
1.47V,1.56V,1.62V,0.89V,1.99V,2.70V,1.96V,1.99V,1.83V,2.34V
1.47V,1.56V,1.62V,0.89V,1.99V,2.70V,1.96V,1.99V,1.83V,2.34V
1.47V,1.56V,1.62V,0.89V,1.99V,2.70V,1.96V,1.99V,1.83V,2.34V
1.47V,1.56V,1.62V,0.89V,1.99V,2.70V,1.96V,1.99V,1.83V,2.34V
1.47V,1.56V,1.62V,0.89V,1.99V,2.70V,1.96V,1.99V,1.83V,2.34V
1.47V,1.56V,1.62V,0.89V,1.99V,2.70V,1.96V,1.99V,1.83V,2.34V
1.47V,1.56V,1.62V,0.89V,1.99V,2.70V,1.96V,1.99V,1.83V,2.34V
1.47V,1.56V,1.62V,0.89V,1.99V,2.70V,1.96V,1.99V,1.83V,2.34V
1.47V,1.56V,1.62V,0.89V,1.99V,2.70V,1.96V,1.99V,1.83V,2.34V
1.47V,1.56V,1.62V,0.89V,1.99V,2.70V,1.96V,1.99V,1.83V,2.34V
1.47V,1.56V,1.62V,0.89V,1.99V,2.70V,1.96V,1.99V,1.83V,2.34V
1.47V,1.56V,1.62V,0.89V,1.99V,2.70V,1.96V,1.99V,1.83V,2.34V
1.47V,1.56V,1.62V,0.89V,1.99V,2.70V,1.96V,1.99V,1.83V,2.34V
1.47V,1.56V,1.62V,0.89V,1.99V,2.70V,1.96V,1.99V,1.83V,2.34V
1.47V,1.56V,1.62V,0.89V,1.99V,2.70V,1.96V,1.99V,1.83V,2.34V
1.47V,1.56V,1.62V,0.89V,1.99V,2.70V,1.96V,1.99V,1.83V,2.34V
1.47V,1.56V,1.62V,0.89V,1.99V,2.70V,1.96V,1.99V,1.83V,2.34V
1.47V,1.56V,1.62V,0.89V,1.99V,2.70V,1.96V,1.99V,1.83V,2.34V
1.47V,1.56V,1.62V,0.89V,1.99V,2.70V,1.96V,1.99V,1.83V,2.34V
1.47V,1.56V,1.62V,0.89V,1.99V,2.70V,1.96V,1.99V,1.83V,2.34V
1.47V,1.56V,1.62V,0.89V,1.99V,2.70V,1.96V,2.00V,1.83V,2.34V
1.47V,1.56V,1.62V,0.89V,1.99V,2.70V,1.96V,2.00V,1.83V,2.34V
1.47V,1.56V,1.62V,0.89V,1.99V,2.70V,1.96V,2.00V,1.83V,2.34V
1.47V,1.56V,1.62V,0.89V,1.99V,2.70V,1.96V,2.00V,1.83V,2.34V
1.47V,1.56V,1.62V,0.89V,1.99V,2.70V,1.96V,2.00V,1.83V,2.34V
1.47V,1.56V,1.62V,0.89V,1.99V,2.70V,1.96V,2.00V,1.83V,2.34V
1.47V,1.56V,1.62V,0.89V,1.99V,2.70V,1.96V,2.00V,1.83V,2.34V
1.47V,1.56V,1.62V,0.89V,1.99V,2.70V,1.96V,2.00V,1.83V,2.34V
1.47V,1.56V,1.62V,0.89V,1.99V,2.70V,1.96V,2.00V,1.83V,2.34V
1.47V,1.56V,1.62V,0.89V,1.99V,2.70V,1.96V,2.00V,1.83V,2.34V
1.47V,1.56V,1.62V,0.89V,1.99V,2.70V,1.96V,2.00V,1.83V,2.34V
1.47V,1.56V,1.62V,0.89V,1.99V,2.70V,1.96V,2.00V,1.83V,2.34V
1.47V,1.56V,1.62V,0.89V,1.99V,2.70V,1.96V,2.00V,1.83V,2.34V
1.47V,1.56V,1.62V,0.89V,1.99V,2.70V,1.96V,2.00V,1.83V,2.34V
1.47V,1.56V,1.62V,0.89V,2.00V,2.70V,1.96V,2.00V,1.83V,2.34V
1.47V,1.56V,1.62V,0.89V,2.00V,2.70V,1.96V,2.00V,1.83V,2.34V
1.47V,1.56V,1.62V,0.89V,2.00V,2.70V,1.96V,2.00V,1.83V,2.34V
1.47V,1.56V,1.62V,0.89V,2.00V,2.70V,1.96V,2.00V,1.83V,2.34V
1.47V,1.56V,1.62V,0.89V,2.00V,2.70V,1.96V,2.00V,1.83V,2.34V
1.47V,1.56V,1.62V,0.89V,2.00V,2.70V,1.96V,2.00V,1.83V,2.34V
1.47V,1.56V,1.62V,0.89V,2.00V,2.70V,1.96V,2.00V,1.83V,2.34V
1.47V,1.56V,1.62V,0.89V,2.00V,2.70V,1.96V,2.00V,1.83V,2.34V
1.47V,1.56V,1.62V,0.89V,2.00V,2.70V,1.96V,2.00V,1.83V,2.34V
1.47V,1.56V,1.62V,0.89V,2.00V,2.70V,1.96V,2.00V,1.83V,2.34V
1.47V,1.56V,1.62V,0.89V,2.00V,2.70V,1.96V,2.00V,1.83V,2.34V
1.47V,1.56V,1.62V,0.89V,2.00V,2.70V,1.96V,2.00V,1.83V,2.34V
1.47V,1.56V,1.62V,0.89V,2.00V,2.70V,1.96V,2.00V,1.83V,2.34V
1.47V,1.56V,1.62V,0.89V,2.00V,2.70V,1.96V,2.00V,1.83V,2.34V
1.47V,1.56V,1.62V,0.89V,2.00V,2.70V,1.96V,2.00V,1.83V,2.34V
1.47V,1.56V,1.62V,0.89V,2.00V,2.70V,1.96V,2.00V,1.83V,2.34V
1.47V,1.56V,1.62V,0.89V,2.00V,2.70V,1.96V,2.00V,1.83V,2.34V
1.47V,1.56V,1.62V,0.89V,2.00V,2.70V,1.96V,2.00V,1.83V,2.34V
1.47V,1.56V,1.62V,0.89V,2.00V,2.70V,1.96V,2.00V,1.83V,2.34V
1.47V,1.56V,1.62V,0.89V,2.00V,2.70V,1.96V,2.00V,1.83V,2.34V
1.47V,1.57V,1.62V,0.89V,2.00V,2.70V,1.96V,2.00V,1.83V,2.34V
1.47V,1.57V,1.62V,0.89V,2.00V,2.70V,1.96V,2.00V,1.83V,2.34V
1.47V,1.57V,1.62V,0.89V,2.00V,2.70V,1.96V,2.00V,1.83V,2.34V
1.47V,1.57V,1.62V,0.89V,2.00V,2.70V,1.96V,2.00V,1.83V,2.34V
1.47V,1.57V,1.62V,0.89V,2.00V,2.70V,1.96V,2.00V,1.83V,2.34V
1.47V,1.57V,1.62V,0.89V,2.00V,2.70V,1.96V,2.00V,1.83V,2.34V
1.47V,1.57V,1.62V,0.89V,2.00V,2.70V,1.96V,2.00V,1.83V,2.34V
1.47V,1.57V,1.62V,0.89V,2.00V,2.70V,1.96V,2.00V,1.83V,2.34V
1.47V,1.57V,1.62V,0.89V,2.00V,2.70V,1.96V,2.00V,1.83V,2.34V
1.47V,1.57V,1.62V,0.89V,2.00V,2.70V,1.96V,2.00V,1.83V,2.34V
1.47V,1.57V,1.62V,0.89V,2.00V,2.70V,1.96V,2.00V,1.83V,2.34V
1.47V,1.57V,1.62V,0.89V,2.00V,2.70V,1.96V,2.00V,1.83V,2.34V
1.47V,1.57V,1.62V,0.89V,2.00V,2.70V,1.96V,2.00V,1.83V,2.34V
1.47V,1.57V,1.62V,0.89V,2.00V,2.70V,1.96V,2.00V,1.83V,2.34V
1.47V,1.57V,1.62V,0.89V,2.00V,2.70V,1.96V,2.00V,1.83V,2.34V
1.47V,1.57V,1.62V,0.89V,2.00V,2.70V,1.97V,2.00V,1.83V,2.34V
1.47V,1.57V,1.62V,0.89V,2.00V,2.70V,1.97V,2.00V,1.83V,2.34V
1.47V,1.57V,1.62V,0.89V,2.00V,2.70V,1.97V,2.00V,1.83V,2.34V
1.47V,1.57V,1.62V,0.89V,2.00V,2.70V,1.97V,2.00V,1.83V,2.34V
1.47V,1.57V,1.62V,0.89V,2.00V,2.70V,1.97V,2.00V,1.83V,2.34V
1.47V,1.57V,1.62V,0.89V,2.00V,2.70V,1.97V,2.00V,1.83V,2.34V
1.47V,1.57V,1.62V,0.89V,2.00V,2.70V,1.97V,2.00V,1.83V,2.34V
1.47V,1.57V,1.62V,0.89V,2.00V,2.70V,1.97V,2.00V,1.83V,2.34V
1.47V,1.57V,1.62V,0.89V,2.00V,2.70V,1.97V,2.00V,1.83V,2.34V
1.47V,1.57V,1.62V,0.89V,2.00V,2.70V,1.97V,2.00V,1.83V,2.34V
1.47V,1.57V,1.62V,0.89V,2.00V,2.70V,1.97V,2.00V,1.83V,2.34V
1.47V,1.57V,1.62V,0.89V,2.00V,2.70V,1.97V,2.00V,1.83V,2.34V
1.47V,1.57V,1.62V,0.89V,2.00V,2.70V,1.97V,2.00V,1.83V,2.34V
1.47V,1.57V,1.62V,0.89V,2.00V,2.70V,1.97V,2.00V,1.83V,2.34V
1.47V,1.57V,1.62V,0.89V,2.00V,2.70V,1.97V,2.00V,1.83V,2.34V
1.47V,1.57V,1.62V,0.89V,2.00V,2.70V,1.97V,2.00V,1.83V,2.34V
1.47V,1.57V,1.62V,0.89V,2.00V,2.70V,1.97V,2.00V,1.83V,2.34V
1.47V,1.57V,1.62V,0.89V,2.00V,2.70V,1.97V,2.00V,1.83V,2.34V
1.47V,1.57V,1.62V,0.89V,2.00V,2.70V,1.97V,2.00V,1.83V,2.34V
1.47V,1.57V,1.62V,0.89V,2.00V,2.70V,1.97V,2.00V,1.83V,2.34V
1.47V,1.57V,1.62V,0.89V,2.00V,2.70V,1.97V,2.00V,1.83V,2.34V
1.47V,1.57V,1.62V,0.89V,2.00V,2.70V,1.97V,2.00V,1.83V,2.34V
1.47V,1.57V,1.62V,0.89V,2.00V,2.70V,1.97V,2.00V,1.83V,2.34V
1.47V,1.57V,1.62V,0.89V,2.00V,2.70V,1.97V,2.00V,1.83V,2.34V
1.47V,1.57V,1.62V,0.89V,2.00V,2.70V,1.97V,2.00V,1.83V,2.34V
1.47V,1.57V,1.62V,0.89V,2.00V,2.70V,1.97V,2.00V,1.83V,2.34V
1.47V,1.57V,1.62V,0.89V,2.00V,2.70V,1.97V,2.00V,1.83V,2.34V
1.47V,1.57V,1.62V,0.89V,2.00V,2.70V,1.97V,2.00V,1.83V,2.34V
1.47V,1.57V,1.62V,0.89V,2.00V,2.70V,1.97V,2.00V,1.83V,2.34V
1.47V,1.57V,1.62V,0.89V,2.00V,2.70V,1.97V,2.00V,1.83V,2.34V
1.47V,1.57V,1.62V,0.89V,2.00V,2.70V,1.97V,2.00V,1.83V,2.34V
1.47V,1.57V,1.62V,0.89V,2.00V,2.70V,1.97V,2.00V,1.83V,2.34V
1.47V,1.57V,1.62V,0.89V,2.00V,2.70V,1.97V,2.00V,1.83V,2.34V
1.47V,1.57V,1.62V,0.89V,2.00V,2.70V,1.97V,2.00V,1.83V,2.34V
1.47V,1.57V,1.62V,0.89V,2.00V,2.70V,1.97V,2.00V,1.83V,2.34V
1.47V,1.57V,1.62V,0.89V,2.00V,2.70V,1.97V,2.00V,1.83V,2.34V
1.47V,1.57V,1.62V,0.89V,2.00V,2.70V,1.97V,2.00V,1.83V,2.34V
1.47V,1.57V,1.62V,0.89V,2.00V,2.70V,1.97V,2.00V,1.83V,2.34V
1.47V,1.57V,1.62V,0.89V,2.00V,2.70V,1.97V,2.00V,1.83V,2.34V
1.47V,1.57V,1.62V,0.89V,2.00V,2.70V,1.97V,2.00V,1.83V,2.34V
1.47V,1.57V,1.62V,0.89V,2.00V,2.70V,1.97V,2.00V,1.83V,2.34V
1.47V,1.57V,1.62V,0.89V,2.00V,2.70V,1.97V,2.00V,1.83V,2.34V
1.47V,1.57V,1.62V,0.89V,2.00V,2.70V,1.97V,2.00V,1.83V,2.34V
1.47V,1.57V,1.62V,0.89V,2.00V,2.70V,1.97V,2.00V,1.83V,2.34V
1.47V,1.57V,1.62V,0.89V,2.00V,2.70V,1.97V,2.00V,1.83V,2.34V
1.47V,1.57V,1.62V,0.89V,2.00V,2.70V,1.97V,2.00V,1.83V,2.34V
1.47V,1.57V,1.62V,0.89V,2.00V,2.70V,1.97V,2.00V,1.83V,2.34V
1.47V,1.57V,1.62V,0.89V,2.00V,2.70V,1.97V,2.00V,1.83V,2.34V
1.47V,1.57V,1.62V,0.89V,2.00V,2.70V,1.97V,2.00V,1.83V,2.34V
1.47V,1.57V,1.62V,0.89V,2.00V,2.70V,1.97V,2.00V,1.83V,2.34V
1.47V,1.57V,1.62V,0.89V,2.00V,2.70V,1.97V,2.00V,1.83V,2.34V
1.47V,1.57V,1.62V,0.89V,2.00V,2.70V,1.97V,2.00V,1.83V,2.34V
1.47V,1.57V,1.62V,0.89V,2.00V,2.70V,1.97V,2.00V,1.83V,2.34V
1.47V,1.57V,1.62V,0.89V,2.00V,2.70V,1.97V,2.00V,1.83V,2.34V
1.47V,1.57V,1.62V,0.89V,2.00V,2.70V,1.97V,2.00V,1.83V,2.34V
1.47V,1.57V,1.62V,0.89V,2.00V,2.70V,1.97V,2.00V,1.83V,2.34V
1.47V,1.57V,1.62V,0.89V,2.00V,2.70V,1.97V,2.00V,1.83V,2.34V
1.47V,1.57V,1.62V,0.89V,2.00V,2.70V,1.97V,2.00V,1.83V,2.34V
1.47V,1.57V,1.62V,0.89V,2.00V,2.70V,1.97V,2.00V,1.83V,2.34V
1.47V,1.57V,1.62V,0.89V,2.00V,2.70V,1.97V,2.00V,1.83V,2.34V
1.47V,1.57V,1.62V,0.89V,2.00V,2.70V,1.97V,2.00V,1.83V,2.34V
1.47V,1.57V,1.62V,0.89V,2.00V,2.70V,1.97V,2.00V,1.83V,2.34V
1.47V,1.57V,1.62V,0.89V,2.00V,2.70V,1.97V,2.00V,1.83V,2.34V
1.47V,1.57V,1.62V,0.89V,2.00V,2.70V,1.97V,2.00V,1.83V,2.34V
1.47V,1.57V,1.62V,0.89V,2.00V,2.70V,1.97V,2.00V,1.83V,2.34V
1.47V,1.57V,1.62V,0.89V,2.00V,2.70V,1.97V,2.00V,1.83V,2.34V
1.47V,1.57V,1.62V,0.89V,2.00V,2.70V,1.97V,2.00V,1.83V,2.34V
1.47V,1.57V,1.62V,0.89V,2.00V,2.70V,1.97V,2.00V,1.83V,2.34V
1.47V,1.57V,1.62V,0.89V,2.00V,2.70V,1.97V,2.00V,1.83V,2.34V
1.47V,1.57V,1.62V,0.89V,2.00V,2.70V,1.97V,2.00V,1.83V,2.34V
1.47V,1.57V,1.62V,0.89V,2.00V,2.70V,1.97V,2.00V,1.83V,2.34V
1.47V,1.57V,1.62V,0.89V,2.00V,2.70V,1.97V,2.00V,1.83V,2.34V
1.47V,1.57V,1.62V,0.89V,2.00V,2.70V,1.97V,2.00V,1.83V,2.34V
1.47V,1.57V,1.62V,0.89V,2.00V,2.70V,1.97V,2.00V,1.83V,2.34V
1.47V,1.57V,1.62V,0.89V,2.00V,2.70V,1.97V,2.00V,1.83V,2.34V
1.47V,1.57V,1.62V,0.89V,2.00V,2.70V,1.97V,2.00V,1.83V,2.34V
1.47V,1.57V,1.62V,0.89V,2.00V,2.70V,1.97V,2.00V,1.83V,2.34V
1.47V,1.57V,1.62V,0.89V,2.00V,2.70V,1.97V,2.00V,1.83V,2.34V
1.47V,1.57V,1.62V,0.89V,2.00V,2.70V,1.97V,2.00V,1.83V,2.34V
1.47V,1.57V,1.62V,0.89V,2.00V,2.70V,1.97V,2.00V,1.83V,2.34V
1.47V,1.57V,1.62V,0.89V,2.00V,2.70V,1.97V,2.00V,1.83V,2.34V
1.47V,1.57V,1.62V,0.89V,2.00V,2.70V,1.97V,2.00V,1.83V,2.34V
1.47V,1.57V,1.62V,0.89V,2.00V,2.70V,1.97V,2.00V,1.83V,2.34V
1.47V,1.57V,1.62V,0.89V,2.00V,2.70V,1.97V,2.00V,1.83V,2.34V
1.47V,1.57V,1.62V,0.89V,2.00V,2.70V,1.97V,2.00V,1.83V,2.34V
1.47V,1.57V,1.62V,0.89V,2.00V,2.70V,1.97V,2.00V,1.83V,2.34V
1.47V,1.57V,1.62V,0.89V,2.00V,2.70V,1.97V,2.00V,1.83V,2.34V
1.47V,1.57V,1.62V,0.89V,2.00V,2.70V,1.97V,2.00V,1.83V,2.34V
1.47V,1.57V,1.62V,0.89V,2.00V,2.70V,1.97V,2.00V,1.83V,2.34V
1.47V,1.57V,1.62V,0.89V,2.00V,2.70V,1.97V,2.00V,1.83V,2.34V
1.47V,1.57V,1.62V,0.89V,2.00V,2.70V,1.97V,2.00V,1.83V,2.34V
1.47V,1.57V,1.62V,0.90V,2.00V,2.70V,1.97V,2.00V,1.83V,2.34V
1.47V,1.57V,1.62V,0.90V,2.00V,2.70V,1.97V,2.00V,1.83V,2.34V
1.47V,1.57V,1.62V,0.90V,2.00V,2.70V,1.97V,2.00V,1.83V,2.34V
1.47V,1.57V,1.62V,0.90V,2.00V,2.70V,1.97V,2.00V,1.83V,2.34V
1.47V,1.57V,1.62V,0.90V,2.00V,2.70V,1.97V,2.01V,1.83V,2.34V
1.47V,1.57V,1.62V,0.90V,2.00V,2.70V,1.97V,2.01V,1.83V,2.34V
1.47V,1.57V,1.62V,0.90V,2.00V,2.70V,1.97V,2.01V,1.83V,2.34V
1.47V,1.57V,1.62V,0.90V,2.00V,2.70V,1.97V,2.01V,1.83V,2.34V
1.47V,1.57V,1.62V,0.90V,2.00V,2.70V,1.97V,2.01V,1.83V,2.34V
1.47V,1.57V,1.62V,0.90V,2.00V,2.70V,1.97V,2.01V,1.83V,2.34V
1.47V,1.57V,1.62V,0.90V,2.00V,2.70V,1.97V,2.01V,1.83V,2.34V
1.47V,1.57V,1.62V,0.90V,2.00V,2.70V,1.97V,2.01V,1.83V,2.34V
1.47V,1.57V,1.62V,0.90V,2.00V,2.70V,1.97V,2.01V,1.83V,2.34V
1.47V,1.57V,1.62V,0.90V,2.00V,2.70V,1.97V,2.01V,1.83V,2.34V
1.47V,1.57V,1.62V,0.90V,2.00V,2.70V,1.97V,2.01V,1.83V,2.34V
1.47V,1.57V,1.62V,0.90V,2.00V,2.70V,1.97V,2.01V,1.83V,2.34V
1.47V,1.57V,1.62V,0.90V,2.00V,2.70V,1.97V,2.01V,1.83V,2.34V
1.47V,1.57V,1.62V,0.90V,2.00V,2.70V,1.97V,2.01V,1.83V,2.34V
1.47V,1.57V,1.62V,0.90V,2.00V,2.70V,1.97V,2.01V,1.83V,2.34V
1.47V,1.58V,1.62V,0.90V,2.00V,2.70V,1.97V,2.01V,1.83V,2.34V
1.47V,1.58V,1.62V,0.90V,2.00V,2.70V,1.97V,2.01V,1.83V,2.34V
1.47V,1.58V,1.62V,0.90V,2.00V,2.70V,1.97V,2.01V,1.83V,2.34V
1.47V,1.58V,1.63V,0.90V,2.00V,2.70V,1.97V,2.01V,1.83V,2.34V
1.47V,1.58V,1.63V,0.90V,2.00V,2.70V,1.97V,2.01V,1.83V,2.34V
1.47V,1.58V,1.63V,0.90V,2.00V,2.70V,1.97V,2.01V,1.83V,2.34V
1.47V,1.58V,1.63V,0.90V,2.00V,2.70V,1.97V,2.01V,1.83V,2.34V
1.47V,1.58V,1.63V,0.90V,2.00V,2.70V,1.97V,2.01V,1.83V,2.34V
1.47V,1.58V,1.63V,0.90V,2.00V,2.70V,1.97V,2.01V,1.83V,2.34V
1.47V,1.58V,1.63V,0.90V,2.00V,2.70V,1.97V,2.01V,1.83V,2.34V
1.47V,1.58V,1.63V,0.90V,2.00V,2.70V,1.97V,2.01V,1.83V,2.34V
1.47V,1.58V,1.63V,0.90V,2.00V,2.70V,1.97V,2.01V,1.83V,2.34V
1.47V,1.58V,1.63V,0.90V,2.00V,2.70V,1.97V,2.01V,1.83V,2.34V
1.47V,1.58V,1.63V,0.90V,2.00V,2.70V,1.97V,2.01V,1.83V,2.34V
1.47V,1.58V,1.63V,0.90V,2.00V,2.70V,1.97V,2.01V,1.83V,2.34V
1.47V,1.58V,1.63V,0.90V,2.00V,2.70V,1.97V,2.01V,1.83V,2.34V
1.47V,1.58V,1.63V,0.90V,2.00V,2.70V,1.97V,2.01V,1.83V,2.34V
1.47V,1.58V,1.63V,0.90V,2.00V,2.70V,1.97V,2.01V,1.83V,2.34V
1.47V,1.58V,1.63V,0.90V,2.00V,2.70V,1.97V,2.01V,1.83V,2.34V
1.47V,1.58V,1.63V,0.90V,2.00V,2.70V,1.97V,2.01V,1.83V,2.34V
1.47V,1.58V,1.63V,0.90V,2.00V,2.70V,1.97V,2.01V,1.83V,2.34V
1.47V,1.58V,1.63V,0.90V,2.00V,2.70V,1.97V,2.01V,1.83V,2.34V
1.47V,1.58V,1.63V,0.90V,2.00V,2.70V,1.97V,2.01V,1.83V,2.34V
1.47V,1.58V,1.63V,0.90V,2.00V,2.70V,1.97V,2.01V,1.83V,2.34V
1.47V,1.58V,1.63V,0.90V,2.00V,2.70V,1.97V,2.01V,1.83V,2.34V
1.47V,1.58V,1.63V,0.90V,2.00V,2.70V,1.97V,2.01V,1.83V,2.34V
1.47V,1.58V,1.63V,0.90V,2.00V,2.70V,1.97V,2.01V,1.83V,2.34V
1.47V,1.58V,1.63V,0.90V,2.00V,2.70V,1.97V,2.01V,1.83V,2.34V
1.47V,1.58V,1.63V,0.90V,2.00V,2.70V,1.97V,2.01V,1.83V,2.34V
1.47V,1.58V,1.63V,0.90V,2.00V,2.70V,1.97V,2.01V,1.83V,2.34V
1.47V,1.58V,1.63V,0.90V,2.00V,2.70V,1.97V,2.01V,1.83V,2.34V
1.47V,1.58V,1.63V,0.90V,2.00V,2.71V,1.97V,2.01V,1.83V,2.34V
1.47V,1.58V,1.63V,0.90V,2.00V,2.71V,1.97V,2.01V,1.83V,2.34V
1.47V,1.58V,1.63V,0.90V,2.00V,2.71V,1.97V,2.01V,1.83V,2.34V
1.47V,1.58V,1.63V,0.90V,2.00V,2.71V,1.97V,2.01V,1.83V,2.34V
1.47V,1.58V,1.63V,0.90V,2.00V,2.71V,1.97V,2.01V,1.83V,2.34V
1.47V,1.58V,1.63V,0.90V,2.00V,2.71V,1.97V,2.01V,1.83V,2.34V
1.47V,1.58V,1.63V,0.90V,2.00V,2.71V,1.97V,2.01V,1.83V,2.34V
1.47V,1.58V,1.63V,0.90V,2.00V,2.71V,1.97V,2.01V,1.83V,2.34V
1.47V,1.58V,1.63V,0.90V,2.00V,2.71V,1.97V,2.01V,1.83V,2.34V
1.47V,1.58V,1.63V,0.90V,2.00V,2.71V,1.97V,2.01V,1.83V,2.34V
1.47V,1.58V,1.63V,0.90V,2.00V,2.71V,1.97V,2.01V,1.83V,2.34V
1.47V,1.58V,1.63V,0.90V,2.00V,2.71V,1.97V,2.01V,1.83V,2.34V
1.47V,1.58V,1.63V,0.90V,2.00V,2.71V,1.97V,2.01V,1.83V,2.34V
1.47V,1.58V,1.63V,0.90V,2.00V,2.71V,1.97V,2.01V,1.83V,2.34V
1.47V,1.58V,1.63V,0.90V,2.00V,2.71V,1.97V,2.01V,1.83V,2.34V
1.47V,1.58V,1.63V,0.90V,2.00V,2.71V,1.97V,2.01V,1.83V,2.34V
1.47V,1.58V,1.63V,0.90V,2.00V,2.71V,1.97V,2.01V,1.83V,2.34V
1.47V,1.58V,1.63V,0.90V,2.00V,2.71V,1.97V,2.01V,1.83V,2.34V
1.47V,1.58V,1.63V,0.90V,2.00V,2.71V,1.97V,2.01V,1.83V,2.34V
1.47V,1.58V,1.63V,0.90V,2.00V,2.71V,1.97V,2.01V,1.83V,2.34V
1.47V,1.58V,1.63V,0.90V,2.00V,2.71V,1.97V,2.01V,1.83V,2.34V
1.47V,1.58V,1.63V,0.90V,2.00V,2.71V,1.97V,2.01V,1.83V,2.34V
1.47V,1.58V,1.63V,0.90V,2.00V,2.71V,1.97V,2.01V,1.83V,2.34V
1.47V,1.58V,1.63V,0.90V,2.00V,2.71V,1.97V,2.01V,1.83V,2.34V
1.47V,1.58V,1.63V,0.90V,2.00V,2.71V,1.97V,2.01V,1.83V,2.34V
1.47V,1.58V,1.63V,0.90V,2.00V,2.71V,1.97V,2.01V,1.83V,2.34V
1.47V,1.58V,1.63V,0.90V,2.00V,2.71V,1.97V,2.01V,1.83V,2.34V
1.47V,1.58V,1.63V,0.90V,2.00V,2.71V,1.97V,2.01V,1.83V,2.34V
1.47V,1.58V,1.63V,0.90V,2.00V,2.71V,1.97V,2.01V,1.83V,2.34V
1.47V,1.58V,1.63V,0.90V,2.00V,2.71V,1.97V,2.01V,1.83V,2.34V
1.47V,1.58V,1.63V,0.90V,2.00V,2.71V,1.97V,2.01V,1.83V,2.34V
1.47V,1.58V,1.63V,0.90V,2.00V,2.71V,1.97V,2.01V,1.83V,2.34V
1.47V,1.58V,1.63V,0.90V,2.00V,2.71V,1.97V,2.01V,1.83V,2.34V
1.47V,1.58V,1.63V,0.90V,2.00V,2.71V,1.97V,2.01V,1.83V,2.34V
1.47V,1.58V,1.63V,0.90V,2.00V,2.71V,1.97V,2.01V,1.83V,2.34V
1.47V,1.58V,1.63V,0.90V,2.00V,2.71V,1.97V,2.01V,1.83V,2.34V
1.47V,1.58V,1.63V,0.90V,2.00V,2.71V,1.97V,2.01V,1.83V,2.34V
1.47V,1.58V,1.63V,0.90V,2.00V,2.71V,1.97V,2.01V,1.83V,2.34V
1.47V,1.58V,1.63V,0.90V,2.00V,2.71V,1.97V,2.01V,1.83V,2.34V
1.47V,1.58V,1.63V,0.90V,2.00V,2.71V,1.97V,2.01V,1.83V,2.34V
1.47V,1.58V,1.63V,0.90V,2.00V,2.71V,1.97V,2.01V,1.83V,2.34V
1.47V,1.58V,1.63V,0.90V,2.00V,2.71V,1.97V,2.01V,1.83V,2.34V
1.47V,1.58V,1.63V,0.90V,2.00V,2.71V,1.97V,2.01V,1.83V,2.34V
1.47V,1.58V,1.63V,0.90V,2.00V,2.71V,1.97V,2.01V,1.83V,2.34V
1.47V,1.58V,1.63V,0.90V,2.00V,2.71V,1.97V,2.01V,1.83V,2.34V
1.47V,1.58V,1.63V,0.90V,2.00V,2.71V,1.97V,2.01V,1.83V,2.34V
1.47V,1.58V,1.63V,0.90V,2.00V,2.71V,1.97V,2.01V,1.83V,2.34V
1.47V,1.58V,1.63V,0.90V,2.00V,2.71V,1.97V,2.01V,1.83V,2.34V
1.47V,1.58V,1.63V,0.90V,2.00V,2.71V,1.97V,2.01V,1.83V,2.34V
1.47V,1.58V,1.63V,0.90V,2.00V,2.71V,1.97V,2.01V,1.83V,2.34V
1.47V,1.58V,1.63V,0.90V,2.00V,2.71V,1.97V,2.01V,1.83V,2.34V
1.47V,1.58V,1.63V,0.90V,2.00V,2.71V,1.97V,2.01V,1.83V,2.34V
1.47V,1.58V,1.63V,0.90V,2.00V,2.71V,1.97V,2.01V,1.83V,2.34V
1.47V,1.58V,1.63V,0.90V,2.00V,2.71V,1.97V,2.01V,1.83V,2.34V
1.47V,1.58V,1.63V,0.90V,2.00V,2.71V,1.97V,2.01V,1.83V,2.34V
1.47V,1.58V,1.63V,0.90V,2.00V,2.71V,1.97V,2.01V,1.83V,2.34V
1.47V,1.58V,1.63V,0.90V,2.00V,2.71V,1.97V,2.01V,1.83V,2.34V
1.47V,1.59V,1.63V,0.90V,2.00V,2.71V,1.97V,2.01V,1.83V,2.34V
1.47V,1.59V,1.63V,0.90V,2.00V,2.71V,1.97V,2.02V,1.83V,2.34V
1.47V,1.59V,1.63V,0.90V,2.00V,2.71V,1.97V,2.02V,1.83V,2.34V
1.47V,1.59V,1.63V,0.90V,2.00V,2.71V,1.97V,2.02V,1.83V,2.34V
1.47V,1.59V,1.63V,0.90V,2.00V,2.71V,1.97V,2.02V,1.83V,2.34V
1.47V,1.59V,1.63V,0.90V,2.00V,2.71V,1.97V,2.02V,1.83V,2.34V
1.47V,1.59V,1.63V,0.90V,2.00V,2.71V,1.97V,2.02V,1.83V,2.34V
1.47V,1.59V,1.63V,0.90V,2.00V,2.71V,1.97V,2.02V,1.83V,2.34V
1.47V,1.59V,1.63V,0.90V,2.00V,2.71V,1.97V,2.02V,1.83V,2.34V
1.47V,1.59V,1.63V,0.90V,2.00V,2.71V,1.97V,2.02V,1.83V,2.34V
1.47V,1.59V,1.63V,0.90V,2.00V,2.71V,1.97V,2.02V,1.83V,2.34V
1.47V,1.59V,1.63V,0.90V,2.00V,2.71V,1.97V,2.02V,1.83V,2.34V
1.47V,1.59V,1.63V,0.90V,2.00V,2.71V,1.97V,2.02V,1.83V,2.34V
1.47V,1.59V,1.63V,0.90V,2.00V,2.71V,1.97V,2.02V,1.83V,2.34V
1.47V,1.59V,1.63V,0.90V,2.00V,2.71V,1.97V,2.02V,1.83V,2.34V
1.47V,1.59V,1.63V,0.90V,2.00V,2.71V,1.97V,2.02V,1.83V,2.34V
1.47V,1.59V,1.63V,0.90V,2.00V,2.71V,1.97V,2.02V,1.83V,2.34V
1.47V,1.59V,1.63V,0.90V,2.00V,2.71V,1.97V,2.02V,1.83V,2.34V
1.47V,1.59V,1.63V,0.90V,2.00V,2.71V,1.97V,2.02V,1.83V,2.34V
1.47V,1.59V,1.63V,0.90V,2.00V,2.71V,1.97V,2.02V,1.83V,2.34V
1.47V,1.59V,1.63V,0.90V,2.00V,2.71V,1.97V,2.02V,1.83V,2.34V
1.47V,1.59V,1.63V,0.90V,2.00V,2.71V,1.97V,2.02V,1.83V,2.34V
1.47V,1.59V,1.63V,0.90V,2.00V,2.71V,1.97V,2.02V,1.83V,2.34V
1.47V,1.59V,1.63V,0.90V,2.00V,2.71V,1.97V,2.02V,1.83V,2.34V
1.47V,1.59V,1.63V,0.90V,2.00V,2.71V,1.97V,2.02V,1.83V,2.34V
1.47V,1.59V,1.63V,0.90V,2.00V,2.71V,1.97V,2.02V,1.83V,2.34V
1.47V,1.59V,1.63V,0.90V,2.00V,2.71V,1.97V,2.02V,1.83V,2.34V
1.47V,1.59V,1.63V,0.90V,2.00V,2.71V,1.97V,2.02V,1.83V,2.34V
1.47V,1.59V,1.63V,0.90V,2.00V,2.71V,1.97V,2.02V,1.83V,2.34V
1.47V,1.59V,1.63V,0.90V,2.00V,2.71V,1.97V,2.02V,1.83V,2.34V
1.47V,1.59V,1.63V,0.90V,2.00V,2.71V,1.97V,2.02V,1.83V,2.34V
1.47V,1.59V,1.63V,0.90V,2.00V,2.71V,1.97V,2.02V,1.83V,2.34V
1.47V,1.59V,1.63V,0.90V,2.00V,2.71V,1.97V,2.02V,1.83V,2.34V
1.47V,1.59V,1.63V,0.90V,2.00V,2.71V,1.97V,2.02V,1.83V,2.34V
1.47V,1.59V,1.63V,0.90V,2.00V,2.71V,1.97V,2.02V,1.83V,2.34V
1.47V,1.59V,1.63V,0.90V,2.00V,2.71V,1.97V,2.02V,1.83V,2.34V
1.47V,1.59V,1.63V,0.90V,2.00V,2.71V,1.97V,2.02V,1.83V,2.34V
1.47V,1.59V,1.63V,0.90V,2.00V,2.71V,1.97V,2.02V,1.83V,2.34V
1.47V,1.59V,1.63V,0.90V,2.00V,2.71V,1.97V,2.02V,1.83V,2.34V
1.47V,1.59V,1.63V,0.90V,2.00V,2.71V,1.97V,2.02V,1.83V,2.34V
1.47V,1.59V,1.63V,0.90V,2.00V,2.71V,1.97V,2.02V,1.83V,2.34V
1.47V,1.59V,1.63V,0.90V,2.00V,2.71V,1.97V,2.02V,1.83V,2.34V
1.47V,1.59V,1.63V,0.90V,2.00V,2.71V,1.97V,2.02V,1.83V,2.34V
1.47V,1.59V,1.63V,0.90V,2.00V,2.71V,1.97V,2.02V,1.83V,2.34V
1.47V,1.59V,1.63V,0.90V,2.00V,2.71V,1.97V,2.02V,1.83V,2.34V
1.47V,1.59V,1.63V,0.90V,2.00V,2.71V,1.97V,2.02V,1.83V,2.34V
1.47V,1.59V,1.63V,0.90V,2.00V,2.71V,1.97V,2.02V,1.83V,2.34V
1.47V,1.59V,1.63V,0.90V,2.00V,2.71V,1.97V,2.02V,1.83V,2.34V
1.47V,1.59V,1.63V,0.90V,2.00V,2.71V,1.97V,2.02V,1.83V,2.34V
1.47V,1.59V,1.63V,0.90V,2.00V,2.71V,1.97V,2.02V,1.83V,2.34V
1.47V,1.59V,1.63V,0.90V,2.00V,2.71V,1.97V,2.02V,1.83V,2.34V
1.47V,1.59V,1.63V,0.90V,2.00V,2.71V,1.97V,2.02V,1.83V,2.34V
1.47V,1.59V,1.63V,0.90V,2.00V,2.71V,1.97V,2.02V,1.83V,2.34V
1.47V,1.59V,1.63V,0.90V,2.00V,2.71V,1.97V,2.02V,1.83V,2.34V
1.47V,1.59V,1.63V,0.90V,2.00V,2.71V,1.97V,2.02V,1.83V,2.34V
1.47V,1.59V,1.63V,0.90V,2.00V,2.71V,1.97V,2.02V,1.83V,2.34V
1.47V,1.59V,1.63V,0.90V,2.00V,2.71V,1.97V,2.02V,1.83V,2.34V
1.47V,1.59V,1.63V,0.90V,2.00V,2.71V,1.97V,2.02V,1.83V,2.34V
1.47V,1.59V,1.63V,0.90V,2.00V,2.71V,1.97V,2.02V,1.83V,2.34V
1.47V,1.59V,1.63V,0.91V,2.00V,2.71V,1.97V,2.02V,1.83V,2.34V
1.47V,1.59V,1.63V,0.91V,2.00V,2.71V,1.97V,2.02V,1.83V,2.34V
1.47V,1.59V,1.63V,0.91V,2.00V,2.71V,1.97V,2.02V,1.83V,2.34V
1.47V,1.59V,1.63V,0.91V,2.00V,2.71V,1.97V,2.02V,1.83V,2.34V
1.47V,1.59V,1.63V,0.91V,2.00V,2.71V,1.97V,2.02V,1.83V,2.34V
1.47V,1.59V,1.63V,0.91V,2.00V,2.72V,1.97V,2.02V,1.83V,2.34V
1.47V,1.59V,1.63V,0.91V,2.00V,2.72V,1.97V,2.02V,1.83V,2.34V
1.47V,1.59V,1.63V,0.91V,2.00V,2.72V,1.97V,2.02V,1.83V,2.34V
1.47V,1.59V,1.63V,0.91V,2.00V,2.72V,1.97V,2.02V,1.83V,2.34V
1.47V,1.59V,1.63V,0.91V,2.00V,2.72V,1.97V,2.02V,1.83V,2.34V
1.47V,1.59V,1.63V,0.91V,2.00V,2.72V,1.97V,2.02V,1.83V,2.34V
1.47V,1.59V,1.63V,0.91V,2.00V,2.72V,1.97V,2.02V,1.83V,2.34V
1.47V,1.59V,1.63V,0.91V,2.00V,2.72V,1.97V,2.02V,1.83V,2.34V
1.47V,1.59V,1.63V,0.91V,2.00V,2.72V,1.97V,2.02V,1.83V,2.34V
1.47V,1.59V,1.63V,0.91V,2.00V,2.72V,1.97V,2.02V,1.83V,2.34V
1.47V,1.59V,1.63V,0.91V,2.00V,2.72V,1.97V,2.02V,1.83V,2.34V
1.47V,1.59V,1.63V,0.91V,2.00V,2.72V,1.97V,2.02V,1.83V,2.34V
1.47V,1.59V,1.63V,0.91V,2.00V,2.72V,1.97V,2.02V,1.83V,2.34V
1.47V,1.59V,1.63V,0.91V,2.00V,2.72V,1.97V,2.02V,1.83V,2.34V
1.47V,1.59V,1.63V,0.91V,2.00V,2.72V,1.97V,2.02V,1.83V,2.34V
1.47V,1.59V,1.63V,0.91V,2.00V,2.72V,1.98V,2.02V,1.83V,2.34V
1.47V,1.59V,1.63V,0.91V,2.00V,2.72V,1.98V,2.02V,1.83V,2.35V
1.47V,1.59V,1.63V,0.91V,2.00V,2.73V,1.98V,2.02V,1.83V,2.35V
1.47V,1.59V,1.63V,0.91V,2.00V,2.73V,1.98V,2.02V,1.83V,2.35V
1.47V,1.59V,1.63V,0.91V,2.00V,2.73V,1.98V,2.02V,1.83V,2.35V
1.47V,1.59V,1.63V,0.91V,2.00V,2.73V,1.98V,2.02V,1.83V,2.35V
1.47V,1.59V,1.63V,0.91V,2.00V,2.73V,1.98V,2.02V,1.83V,2.35V
1.47V,1.59V,1.63V,0.91V,2.00V,2.73V,1.98V,2.02V,1.83V,2.35V
1.47V,1.59V,1.63V,0.91V,2.00V,2.73V,1.98V,2.02V,1.83V,2.35V
1.47V,1.60V,1.63V,0.91V,2.00V,2.73V,1.98V,2.02V,1.83V,2.35V
1.47V,1.60V,1.63V,0.91V,2.00V,2.73V,1.98V,2.02V,1.83V,2.35V
1.47V,1.60V,1.63V,0.91V,2.00V,2.73V,1.98V,2.02V,1.83V,2.35V
1.47V,1.60V,1.63V,0.91V,2.00V,2.73V,1.98V,2.02V,1.83V,2.35V
1.47V,1.60V,1.63V,0.91V,2.00V,2.73V,1.98V,2.02V,1.83V,2.35V
1.47V,1.60V,1.63V,0.91V,2.00V,2.73V,1.98V,2.02V,1.83V,2.35V
1.47V,1.60V,1.63V,0.91V,2.00V,2.73V,1.98V,2.02V,1.83V,2.35V
1.47V,1.60V,1.63V,0.91V,2.00V,2.73V,1.98V,2.02V,1.83V,2.35V
1.47V,1.60V,1.63V,0.91V,2.00V,2.73V,1.98V,2.02V,1.83V,2.35V
1.47V,1.60V,1.63V,0.91V,2.00V,2.73V,1.98V,2.02V,1.83V,2.35V
1.47V,1.60V,1.63V,0.91V,2.00V,2.73V,1.98V,2.02V,1.83V,2.35V
1.47V,1.60V,1.63V,0.91V,2.00V,2.73V,1.98V,2.02V,1.83V,2.35V
1.47V,1.60V,1.63V,0.91V,2.00V,2.73V,1.98V,2.02V,1.83V,2.35V
1.47V,1.60V,1.63V,0.91V,2.00V,2.73V,1.98V,2.02V,1.83V,2.35V
1.47V,1.60V,1.63V,0.91V,2.00V,2.73V,1.98V,2.02V,1.83V,2.35V
1.47V,1.60V,1.63V,0.91V,2.00V,2.73V,1.98V,2.02V,1.83V,2.35V
1.47V,1.60V,1.63V,0.91V,2.00V,2.73V,1.98V,2.02V,1.83V,2.35V
1.47V,1.60V,1.63V,0.91V,2.00V,2.73V,1.98V,2.02V,1.84V,2.35V
1.47V,1.60V,1.63V,0.91V,2.00V,2.73V,1.98V,2.02V,1.84V,2.35V
1.47V,1.60V,1.63V,0.91V,2.00V,2.73V,1.98V,2.02V,1.84V,2.35V
1.47V,1.60V,1.63V,0.91V,2.00V,2.73V,1.98V,2.02V,1.84V,2.35V
1.47V,1.60V,1.63V,0.91V,2.00V,2.73V,1.98V,2.02V,1.84V,2.35V
1.47V,1.60V,1.63V,0.92V,2.00V,2.73V,1.98V,2.02V,1.84V,2.35V
1.47V,1.60V,1.63V,0.92V,2.00V,2.73V,1.98V,2.03V,1.84V,2.35V